funding_event_id,announced_at,company_id,company,country,region,tech_category,round_type,amount_musd,valuation_musd,lead_investor,sentiment_score,trend_score,estimated_hiring_impact_pct,risk_indicator,innovation_score,adoption_score,source_reference
FND-900000,2025-01-19T00:00:00,CMP-001,OpenAI,United States,North America,AI Agents,Growth Round,136.02,987.81,SoftBank,0.264,55.92,2.0,low,89.78,72.37,https://funding.example.com/900000
FND-900001,2025-01-22T00:00:00,CMP-001,OpenAI,United States,North America,Generative AI,Growth Round,150.29,2578.7,Lightspeed,0.015,65.52,3.07,low,91.79,71.29,https://funding.example.com/900001
FND-900002,2025-02-16T00:00:00,CMP-001,OpenAI,United States,North America,LLM,Strategic Round,350.0,2881.55,Corporate VC,0.111,63.29,4.05,low,91.81,70.15,https://funding.example.com/900002
FND-900003,2025-03-04T00:00:00,CMP-001,OpenAI,United States,North America,LLM,Strategic Round,293.31,7832.17,General Catalyst,-0.036,68.2,2.89,low,91.01,72.35,https://funding.example.com/900003
FND-900004,2025-03-11T00:00:00,CMP-001,OpenAI,United States,North America,Generative AI,Strategic Round,204.85,3691.19,Coatue,0.235,60.15,3.55,low,88.98,69.53,https://funding.example.com/900004
FND-900005,2025-03-28T00:00:00,CMP-001,OpenAI,United States,North America,Generative AI,Strategic Round,111.17,2539.74,Lightspeed,0.192,69.81,2.34,low,90.0,68.79,https://funding.example.com/900005
FND-900006,2025-07-05T00:00:00,CMP-001,OpenAI,United States,North America,Enterprise AI,Tender Offer,111.23,1243.04,SoftBank,0.186,58.24,2.14,low,87.0,87.92,https://funding.example.com/900006
FND-900007,2025-07-18T00:00:00,CMP-001,OpenAI,United States,North America,Generative AI,Growth Round,146.92,2452.42,Coatue,0.231,63.93,2.31,low,94.51,67.58,https://funding.example.com/900007
FND-900008,2025-10-16T00:00:00,CMP-001,OpenAI,United States,North America,LLM,Tender Offer,142.86,3931.69,Accel,0.351,68.13,2.74,low,93.41,69.32,https://funding.example.com/900008
FND-900009,2025-11-16T00:00:00,CMP-001,OpenAI,United States,North America,Enterprise AI,Growth Round,120.04,1901.46,General Catalyst,0.174,57.5,2.0,low,82.81,77.0,https://funding.example.com/900009
FND-900010,2026-01-08T00:00:00,CMP-001,OpenAI,United States,North America,Enterprise AI,Tender Offer,350.0,4805.03,Sequoia,0.36,51.13,3.24,low,87.57,79.89,https://funding.example.com/900010
FND-900011,2026-02-08T00:00:00,CMP-001,OpenAI,United States,North America,Generative AI,Tender Offer,278.35,3099.35,Lightspeed,0.055,72.46,5.93,low,89.74,70.1,https://funding.example.com/900011
FND-900012,2026-02-22T00:00:00,CMP-001,OpenAI,United States,North America,Generative AI,Growth Round,123.65,2578.58,Accel,0.217,71.58,2.03,low,90.48,73.36,https://funding.example.com/900012
FND-900013,2026-03-23T00:00:00,CMP-001,OpenAI,United States,North America,AI Agents,Strategic Round,146.84,3338.59,SoftBank,0.192,57.64,2.0,low,94.73,74.84,https://funding.example.com/900013
FND-900014,2025-01-06T00:00:00,CMP-002,Anthropic,United States,North America,AI Agents,Tender Offer,189.27,4767.29,Coatue,0.263,59.47,2.0,low,93.46,62.07,https://funding.example.com/900014
FND-900015,2025-02-07T00:00:00,CMP-002,Anthropic,United States,North America,AI Agents,Growth Round,126.52,2086.26,SoftBank,0.197,64.1,2.0,low,92.32,62.86,https://funding.example.com/900015
FND-900016,2025-03-20T00:00:00,CMP-002,Anthropic,United States,North America,LLM,Growth Round,307.21,2420.77,General Catalyst,0.121,64.66,6.62,low,92.2,67.9,https://funding.example.com/900016
FND-900017,2025-03-30T00:00:00,CMP-002,Anthropic,United States,North America,Enterprise AI,Strategic Round,162.34,3637.88,Coatue,0.134,53.15,3.0,low,85.22,76.53,https://funding.example.com/900017
FND-900018,2025-04-23T00:00:00,CMP-002,Anthropic,United States,North America,LLM,Tender Offer,120.59,3095.75,Lightspeed,0.349,69.14,2.24,low,92.29,77.23,https://funding.example.com/900018
FND-900019,2025-05-08T00:00:00,CMP-002,Anthropic,United States,North America,Enterprise AI,Growth Round,131.7,1393.42,SoftBank,0.278,56.98,2.0,low,87.21,78.71,https://funding.example.com/900019
FND-900020,2025-08-20T00:00:00,CMP-002,Anthropic,United States,North America,AI Agents,Tender Offer,149.43,3723.92,Lightspeed,0.179,61.46,2.0,low,94.72,65.18,https://funding.example.com/900020
FND-900021,2025-11-05T00:00:00,CMP-002,Anthropic,United States,North America,LLM,Growth Round,116.95,2741.6,Coatue,0.327,70.97,2.0,low,92.38,69.9,https://funding.example.com/900021
FND-900022,2025-11-18T00:00:00,CMP-002,Anthropic,United States,North America,LLM,Growth Round,338.13,7998.23,Sequoia,0.272,69.04,4.1,low,90.8,70.18,https://funding.example.com/900022
FND-900023,2025-12-31T00:00:00,CMP-002,Anthropic,United States,North America,Enterprise AI,Growth Round,116.66,1787.34,Coatue,0.29,55.55,2.0,low,81.74,77.85,https://funding.example.com/900023
FND-900024,2026-02-20T00:00:00,CMP-002,Anthropic,United States,North America,LLM,Growth Round,103.53,1348.13,SoftBank,0.163,57.49,2.0,low,88.98,72.16,https://funding.example.com/900024
FND-900025,2026-03-08T00:00:00,CMP-002,Anthropic,United States,North America,AI Agents,Growth Round,116.38,2431.83,Accel,0.39,67.72,2.25,low,92.39,64.91,https://funding.example.com/900025
FND-900026,2026-04-07T00:00:00,CMP-002,Anthropic,United States,North America,Enterprise AI,Strategic Round,350.0,7902.22,General Catalyst,0.157,60.84,3.55,low,80.4,78.6,https://funding.example.com/900026
FND-900027,2026-04-18T00:00:00,CMP-002,Anthropic,United States,North America,AI Agents,Strategic Round,277.3,5255.19,Coatue,0.099,64.19,4.84,low,91.1,75.25,https://funding.example.com/900027
FND-900028,2025-02-16T00:00:00,CMP-003,Google DeepMind,United States,North America,Robotics,Internal Investment,202.07,3701.61,General Catalyst,0.196,28.63,2.0,low,87.62,52.61,https://funding.example.com/900028
FND-900029,2025-04-17T00:00:00,CMP-003,Google DeepMind,United States,North America,LLM,Capex Allocation,278.79,3817.53,SoftBank,0.371,76.8,2.0,low,95.39,71.55,https://funding.example.com/900029
FND-900030,2025-04-20T00:00:00,CMP-003,Google DeepMind,United States,North America,LLM,Internal Investment,278.49,5941.3,General Catalyst,0.091,62.36,2.0,low,89.8,70.0,https://funding.example.com/900030
FND-900031,2025-05-04T00:00:00,CMP-003,Google DeepMind,United States,North America,Enterprise AI,Capex Allocation,316.77,5808.39,Coatue,0.363,62.4,2.0,low,91.19,85.88,https://funding.example.com/900031
FND-900032,2025-06-08T00:00:00,CMP-003,Google DeepMind,United States,North America,LLM,Internal Investment,300.01,2533.57,Sequoia,0.098,61.85,3.03,low,84.74,69.83,https://funding.example.com/900032
FND-900033,2025-09-18T00:00:00,CMP-003,Google DeepMind,United States,North America,Enterprise AI,Capex Allocation,333.04,7863.07,SoftBank,0.066,55.38,3.44,low,78.18,75.86,https://funding.example.com/900033
FND-900034,2026-01-24T00:00:00,CMP-003,Google DeepMind,United States,North America,Edge AI,Internal Investment,700.0,9673.84,Sequoia,0.224,34.94,3.32,low,80.32,53.09,https://funding.example.com/900034
FND-900035,2026-02-08T00:00:00,CMP-003,Google DeepMind,United States,North America,LLM,Capex Allocation,246.94,5801.49,General Catalyst,0.168,63.99,2.91,low,94.53,71.07,https://funding.example.com/900035
FND-900036,2026-03-23T00:00:00,CMP-003,Google DeepMind,United States,North America,Edge AI,Internal Investment,394.78,10870.28,Accel,0.029,30.08,4.59,low,82.59,63.57,https://funding.example.com/900036
FND-900037,2026-04-30T00:00:00,CMP-003,Google DeepMind,United States,North America,Edge AI,Capex Allocation,370.4,10332.07,General Catalyst,0.254,29.11,4.14,low,86.14,59.11,https://funding.example.com/900037
FND-900038,2025-02-14T00:00:00,CMP-004,NVIDIA,United States,North America,Semiconductors,Capex Program,407.87,9236.63,Corporate VC,0.2,45.96,4.71,low,83.33,72.62,https://funding.example.com/900038
FND-900039,2025-03-10T00:00:00,CMP-004,NVIDIA,United States,North America,GPU Infrastructure,Follow-on Offering,800.0,14996.96,Corporate VC,0.104,42.74,7.42,low,88.31,68.51,https://funding.example.com/900039
FND-900040,2025-03-19T00:00:00,CMP-004,NVIDIA,United States,North America,Inference Optimization,Capex Program,325.41,6356.27,Sequoia,0.329,26.88,4.08,low,91.02,59.04,https://funding.example.com/900040
FND-900041,2025-03-27T00:00:00,CMP-004,NVIDIA,United States,North America,Inference Optimization,Follow-on Offering,550.94,11813.02,Lightspeed,0.272,36.46,4.63,low,91.79,48.65,https://funding.example.com/900041
FND-900042,2025-04-15T00:00:00,CMP-004,NVIDIA,United States,North America,Semiconductors,Follow-on Offering,515.9,13264.22,Coatue,0.242,46.03,3.61,low,93.26,68.88,https://funding.example.com/900042
FND-900043,2025-05-04T00:00:00,CMP-004,NVIDIA,United States,North America,GPU Infrastructure,Follow-on Offering,185.03,4591.59,General Catalyst,0.191,40.21,2.37,low,91.3,61.74,https://funding.example.com/900043
FND-900044,2025-05-18T00:00:00,CMP-004,NVIDIA,United States,North America,Inference Optimization,Follow-on Offering,522.64,8346.18,Lightspeed,-0.003,32.2,4.21,low,82.64,47.98,https://funding.example.com/900044
FND-900045,2025-05-28T00:00:00,CMP-004,NVIDIA,United States,North America,Inference Optimization,Follow-on Offering,372.17,2923.17,Lightspeed,0.406,33.14,5.16,low,86.69,46.88,https://funding.example.com/900045
FND-900046,2025-06-28T00:00:00,CMP-004,NVIDIA,United States,North America,Semiconductors,Capex Program,667.42,5863.11,Corporate VC,0.267,51.27,5.26,low,86.54,75.08,https://funding.example.com/900046
FND-900047,2025-07-11T00:00:00,CMP-004,NVIDIA,United States,North America,Inference Optimization,Follow-on Offering,449.67,7164.56,Sequoia,0.393,27.24,5.66,low,89.39,65.19,https://funding.example.com/900047
FND-900048,2025-07-22T00:00:00,CMP-004,NVIDIA,United States,North America,Inference Optimization,Capex Program,209.59,4410.63,SoftBank,0.025,33.06,2.0,low,85.42,58.79,https://funding.example.com/900048
FND-900049,2025-07-26T00:00:00,CMP-004,NVIDIA,United States,North America,GPU Infrastructure,Capex Program,800.0,21391.85,Sequoia,0.032,36.11,7.18,low,92.7,66.34,https://funding.example.com/900049
FND-900050,2025-08-19T00:00:00,CMP-004,NVIDIA,United States,North America,Semiconductors,Capex Program,275.69,2691.41,Lightspeed,0.001,46.37,3.1,low,87.95,71.05,https://funding.example.com/900050
FND-900051,2025-08-25T00:00:00,CMP-004,NVIDIA,United States,North America,GPU Infrastructure,Strategic Investment,379.28,10252.67,Lightspeed,0.174,37.89,4.44,low,84.43,54.81,https://funding.example.com/900051
FND-900052,2025-09-16T00:00:00,CMP-004,NVIDIA,United States,North America,Inference Optimization,Strategic Investment,628.03,10410.31,Lightspeed,0.185,32.69,5.74,low,81.73,53.49,https://funding.example.com/900052
FND-900053,2025-09-19T00:00:00,CMP-004,NVIDIA,United States,North America,Inference Optimization,Strategic Investment,323.71,6106.3,General Catalyst,0.446,24.9,3.4,low,89.95,57.45,https://funding.example.com/900053
FND-900054,2025-11-14T00:00:00,CMP-004,NVIDIA,United States,North America,Semiconductors,Strategic Investment,532.0,11832.97,General Catalyst,0.27,42.61,4.66,low,89.67,75.81,https://funding.example.com/900054
FND-900055,2026-01-31T00:00:00,CMP-004,NVIDIA,United States,North America,Inference Optimization,Capex Program,594.86,14740.1,SoftBank,0.191,33.7,8.05,low,86.32,56.8,https://funding.example.com/900055
FND-900056,2026-02-23T00:00:00,CMP-004,NVIDIA,United States,North America,Inference Optimization,Follow-on Offering,273.35,5686.28,Lightspeed,0.146,34.37,2.4,low,84.35,52.93,https://funding.example.com/900056
FND-900057,2026-04-25T00:00:00,CMP-004,NVIDIA,United States,North America,Inference Optimization,Follow-on Offering,416.49,11120.64,Coatue,0.219,33.29,6.2,low,85.44,47.48,https://funding.example.com/900057
FND-900058,2025-06-01T00:00:00,CMP-005,Meta AI,United States,North America,AI Agents,Internal Investment,700.0,13757.13,General Catalyst,0.276,63.42,6.13,low,92.81,67.04,https://funding.example.com/900058
FND-900059,2025-06-09T00:00:00,CMP-005,Meta AI,United States,North America,Generative AI,Capex Allocation,364.57,7259.92,Sequoia,0.115,75.18,3.24,low,92.82,70.15,https://funding.example.com/900059
FND-900060,2025-06-17T00:00:00,CMP-005,Meta AI,United States,North America,Generative AI,Capex Allocation,486.92,5579.16,Sequoia,0.173,65.97,5.15,low,93.71,67.93,https://funding.example.com/900060
FND-900061,2025-07-03T00:00:00,CMP-005,Meta AI,United States,North America,AI Agents,Capex Allocation,391.38,6408.11,General Catalyst,-0.004,58.18,3.05,low,91.07,55.58,https://funding.example.com/900061
FND-900062,2025-09-20T00:00:00,CMP-005,Meta AI,United States,North America,AI Agents,Capex Allocation,540.91,4352.22,Accel,0.153,60.78,2.52,low,95.91,70.75,https://funding.example.com/900062
FND-900063,2025-10-11T00:00:00,CMP-005,Meta AI,United States,North America,Open Source AI,Internal Investment,234.82,4117.82,Sequoia,0.159,47.63,2.0,low,88.42,60.94,https://funding.example.com/900063
FND-900064,2025-11-17T00:00:00,CMP-005,Meta AI,United States,North America,AI Agents,Capex Allocation,479.42,12030.78,Corporate VC,0.244,60.54,3.93,low,92.24,68.06,https://funding.example.com/900064
FND-900065,2025-11-22T00:00:00,CMP-005,Meta AI,United States,North America,Generative AI,Capex Allocation,408.31,5256.47,Coatue,0.137,65.4,4.48,low,91.48,71.65,https://funding.example.com/900065
FND-900066,2026-01-16T00:00:00,CMP-005,Meta AI,United States,North America,Generative AI,Internal Investment,360.77,7218.85,Coatue,0.293,70.13,3.32,low,88.92,65.05,https://funding.example.com/900066
FND-900067,2026-02-05T00:00:00,CMP-005,Meta AI,United States,North America,AI Agents,Internal Investment,700.0,19479.59,Coatue,0.143,60.06,3.97,low,92.81,58.23,https://funding.example.com/900067
FND-900068,2025-01-22T00:00:00,CMP-006,Microsoft,United States,North America,Cloud Computing,Follow-on Offering,568.48,13922.38,Lightspeed,0.037,49.55,6.3,low,75.54,86.84,https://funding.example.com/900068
FND-900069,2025-02-26T00:00:00,CMP-006,Microsoft,United States,North America,Cloud Computing,Capex Program,372.37,9753.92,Corporate VC,0.231,47.67,4.59,low,75.53,78.73,https://funding.example.com/900069
FND-900070,2025-03-04T00:00:00,CMP-006,Microsoft,United States,North America,Cloud Computing,Capex Program,271.83,7213.58,Corporate VC,0.3,49.56,2.0,low,75.82,85.04,https://funding.example.com/900070
FND-900071,2025-04-02T00:00:00,CMP-006,Microsoft,United States,North America,Cloud Computing,Strategic Investment,586.47,11163.17,SoftBank,0.003,44.77,4.21,low,71.95,88.74,https://funding.example.com/900071
FND-900072,2025-04-12T00:00:00,CMP-006,Microsoft,United States,North America,Cloud Computing,Strategic Investment,468.76,11687.76,Coatue,0.001,50.09,5.48,low,74.23,84.4,https://funding.example.com/900072
FND-900073,2025-05-22T00:00:00,CMP-006,Microsoft,United States,North America,Developer Tools,Capex Program,287.94,4045.68,Lightspeed,0.152,39.46,2.58,low,84.84,73.77,https://funding.example.com/900073
FND-900074,2025-07-15T00:00:00,CMP-006,Microsoft,United States,North America,Developer Tools,Strategic Investment,177.2,4280.8,Sequoia,0.153,46.82,2.0,low,78.19,84.78,https://funding.example.com/900074
FND-900075,2025-10-19T00:00:00,CMP-006,Microsoft,United States,North America,Cloud Computing,Follow-on Offering,594.68,16383.85,General Catalyst,0.397,37.52,4.16,low,71.6,84.14,https://funding.example.com/900075
FND-900076,2026-01-20T00:00:00,CMP-006,Microsoft,United States,North America,Developer Tools,Follow-on Offering,472.68,6697.27,General Catalyst,0.086,42.34,3.68,low,76.72,77.08,https://funding.example.com/900076
FND-900077,2026-04-02T00:00:00,CMP-006,Microsoft,United States,North America,Developer Tools,Follow-on Offering,587.39,12460.34,General Catalyst,0.042,37.77,4.19,low,79.66,83.72,https://funding.example.com/900077
FND-900078,2026-04-06T00:00:00,CMP-006,Microsoft,United States,North America,Enterprise AI,Strategic Investment,463.08,7770.19,Accel,0.47,57.59,4.02,low,83.14,80.04,https://funding.example.com/900078
FND-900079,2026-04-21T00:00:00,CMP-006,Microsoft,United States,North America,Developer Tools,Capex Program,565.11,15366.43,Coatue,0.179,46.17,6.44,low,87.23,78.93,https://funding.example.com/900079
FND-900080,2025-01-21T00:00:00,CMP-007,Hugging Face,United States,North America,Open Source AI,Strategic Round,243.98,6809.62,Corporate VC,0.125,47.68,5.23,low,88.85,63.2,https://funding.example.com/900080
FND-900081,2025-03-15T00:00:00,CMP-007,Hugging Face,United States,North America,Open Source AI,Growth Round,237.66,6412.37,General Catalyst,0.071,50.28,4.55,low,89.08,68.43,https://funding.example.com/900081
FND-900082,2025-05-05T00:00:00,CMP-007,Hugging Face,United States,North America,Developer Tools,Tender Offer,103.77,1789.44,Corporate VC,0.056,53.19,2.17,low,78.04,76.1,https://funding.example.com/900082
FND-900083,2025-06-29T00:00:00,CMP-007,Hugging Face,United States,North America,Developer Tools,Growth Round,277.67,7154.63,Corporate VC,0.383,41.13,4.18,low,80.88,74.09,https://funding.example.com/900083
FND-900084,2025-07-03T00:00:00,CMP-007,Hugging Face,United States,North America,Developer Tools,Strategic Round,350.0,3140.03,Sequoia,0.188,45.27,4.42,low,81.35,76.63,https://funding.example.com/900084
FND-900085,2025-08-15T00:00:00,CMP-007,Hugging Face,United States,North America,Developer Tools,Growth Round,329.62,2999.83,General Catalyst,0.283,45.25,5.18,low,84.06,71.86,https://funding.example.com/900085
FND-900086,2025-10-02T00:00:00,CMP-007,Hugging Face,United States,North America,Open Source AI,Growth Round,297.06,5393.48,Coatue,0.289,43.6,3.59,low,86.51,63.52,https://funding.example.com/900086
FND-900087,2025-10-03T00:00:00,CMP-007,Hugging Face,United States,North America,Developer Tools,Growth Round,138.66,2323.06,Coatue,-0.031,46.25,2.82,low,83.87,78.96,https://funding.example.com/900087
FND-900088,2025-10-05T00:00:00,CMP-007,Hugging Face,United States,North America,Developer Tools,Tender Offer,350.0,3696.21,SoftBank,0.18,41.46,7.08,low,83.69,74.6,https://funding.example.com/900088
FND-900089,2025-10-17T00:00:00,CMP-007,Hugging Face,United States,North America,MLOps,Strategic Round,189.4,4305.98,Accel,0.06,38.0,4.05,low,79.62,66.87,https://funding.example.com/900089
FND-900090,2025-12-16T00:00:00,CMP-007,Hugging Face,United States,North America,Developer Tools,Growth Round,350.0,4412.09,Accel,0.055,46.85,4.8,low,82.54,70.19,https://funding.example.com/900090
FND-900091,2025-12-18T00:00:00,CMP-007,Hugging Face,United States,North America,Developer Tools,Strategic Round,85.0,1966.58,Sequoia,0.029,44.03,2.0,low,88.61,80.02,https://funding.example.com/900091
FND-900092,2026-03-06T00:00:00,CMP-007,Hugging Face,United States,North America,Developer Tools,Tender Offer,274.7,3225.55,Lightspeed,0.284,48.47,2.81,low,88.55,78.48,https://funding.example.com/900092
FND-900093,2026-03-18T00:00:00,CMP-007,Hugging Face,United States,North America,Developer Tools,Growth Round,294.25,6506.42,Coatue,0.275,39.63,2.81,low,83.4,78.18,https://funding.example.com/900093
FND-900094,2025-02-28T00:00:00,CMP-008,Perplexity,United States,North America,AI Agents,Growth Round,142.91,2461.66,Coatue,0.243,56.8,2.0,low,89.53,66.18,https://funding.example.com/900094
FND-900095,2025-03-28T00:00:00,CMP-008,Perplexity,United States,North America,Enterprise AI,Growth Round,143.36,2462.11,Corporate VC,0.186,65.92,2.0,low,79.74,81.13,https://funding.example.com/900095
FND-900096,2025-04-16T00:00:00,CMP-008,Perplexity,United States,North America,AI Agents,Strategic Round,346.08,3279.98,Corporate VC,0.201,62.24,6.99,low,90.91,64.64,https://funding.example.com/900096
FND-900097,2025-06-09T00:00:00,CMP-008,Perplexity,United States,North America,AI Agents,Growth Round,316.12,2301.24,Corporate VC,0.349,56.65,5.9,low,94.36,63.26,https://funding.example.com/900097
FND-900098,2025-06-30T00:00:00,CMP-008,Perplexity,United States,North America,Enterprise AI,Strategic Round,229.99,5912.6,General Catalyst,0.272,65.15,5.09,low,80.12,74.16,https://funding.example.com/900098
FND-900099,2025-08-26T00:00:00,CMP-008,Perplexity,United States,North America,LLM,Tender Offer,260.55,5032.75,Sequoia,0.296,64.57,4.69,low,90.53,71.37,https://funding.example.com/900099
FND-900100,2025-09-05T00:00:00,CMP-008,Perplexity,United States,North America,Enterprise AI,Growth Round,132.06,3526.29,Accel,0.047,56.49,2.0,low,86.73,80.98,https://funding.example.com/900100
FND-900101,2025-11-25T00:00:00,CMP-008,Perplexity,United States,North America,AI Agents,Growth Round,130.19,2564.34,Sequoia,0.176,56.39,2.0,low,88.85,72.2,https://funding.example.com/900101
FND-900102,2026-01-05T00:00:00,CMP-008,Perplexity,United States,North America,LLM,Strategic Round,268.11,5217.22,Sequoia,0.133,63.45,5.9,low,89.32,72.88,https://funding.example.com/900102
FND-900103,2026-01-16T00:00:00,CMP-008,Perplexity,United States,North America,LLM,Growth Round,270.76,5040.62,Coatue,0.201,60.44,5.76,low,86.85,68.96,https://funding.example.com/900103
FND-900104,2026-02-28T00:00:00,CMP-008,Perplexity,United States,North America,Enterprise AI,Strategic Round,350.0,8559.71,Lightspeed,0.306,61.62,7.04,low,84.16,83.41,https://funding.example.com/900104
FND-900105,2026-03-10T00:00:00,CMP-008,Perplexity,United States,North America,AI Agents,Growth Round,118.66,1923.53,Corporate VC,0.231,64.11,2.0,low,90.58,66.63,https://funding.example.com/900105
FND-900106,2026-03-18T00:00:00,CMP-008,Perplexity,United States,North America,AI Agents,Growth Round,200.67,2666.87,Accel,0.002,61.83,3.27,low,94.67,68.26,https://funding.example.com/900106
FND-900107,2026-04-27T00:00:00,CMP-008,Perplexity,United States,North America,Enterprise AI,Strategic Round,221.33,5101.41,Lightspeed,0.167,54.14,2.35,low,84.69,78.04,https://funding.example.com/900107
FND-900108,2025-01-14T00:00:00,CMP-009,Scale AI,United States,North America,AI Agents,Strategic Round,252.8,4092.42,Lightspeed,0.177,58.72,3.92,low,90.51,68.79,https://funding.example.com/900108
FND-900109,2025-03-02T00:00:00,CMP-009,Scale AI,United States,North America,Enterprise AI,Strategic Round,271.69,2319.47,Sequoia,0.229,56.58,5.97,low,84.94,84.74,https://funding.example.com/900109
FND-900110,2025-03-21T00:00:00,CMP-009,Scale AI,United States,North America,AI Agents,Growth Round,247.46,1797.21,Corporate VC,0.263,62.36,5.07,low,93.95,69.3,https://funding.example.com/900110
FND-900111,2025-05-01T00:00:00,CMP-009,Scale AI,United States,North America,AI Agents,Growth Round,310.01,3296.25,Coatue,0.269,69.96,2.59,low,97.67,66.08,https://funding.example.com/900111
FND-900112,2025-05-02T00:00:00,CMP-009,Scale AI,United States,North America,AI Agents,Growth Round,212.09,3489.72,General Catalyst,0.271,60.87,2.0,low,88.9,69.49,https://funding.example.com/900112
FND-900113,2025-05-29T00:00:00,CMP-009,Scale AI,United States,North America,AI Agents,Growth Round,172.12,2447.28,Corporate VC,0.194,57.25,2.56,low,87.52,69.1,https://funding.example.com/900113
FND-900114,2025-06-12T00:00:00,CMP-009,Scale AI,United States,North America,AI Agents,Strategic Round,83.05,799.7,Lightspeed,0.176,61.41,2.0,low,89.61,67.6,https://funding.example.com/900114
FND-900115,2025-07-14T00:00:00,CMP-009,Scale AI,United States,North America,Enterprise AI,Tender Offer,350.0,3121.12,SoftBank,0.259,61.04,3.82,low,79.97,83.99,https://funding.example.com/900115
FND-900116,2025-08-14T00:00:00,CMP-009,Scale AI,United States,North America,AI Agents,Strategic Round,151.58,3935.88,Lightspeed,0.254,60.43,2.0,low,94.97,65.0,https://funding.example.com/900116
FND-900117,2025-08-22T00:00:00,CMP-009,Scale AI,United States,North America,AI Agents,Strategic Round,174.09,2068.91,Sequoia,0.315,65.98,2.0,low,91.68,68.99,https://funding.example.com/900117
FND-900118,2025-10-16T00:00:00,CMP-009,Scale AI,United States,North America,Enterprise AI,Strategic Round,85.55,925.65,Accel,0.382,61.38,2.0,low,88.62,77.78,https://funding.example.com/900118
FND-900119,2026-01-10T00:00:00,CMP-009,Scale AI,United States,North America,AI Agents,Growth Round,159.82,2971.44,Coatue,0.099,63.85,2.61,low,97.29,67.35,https://funding.example.com/900119
FND-900120,2026-04-10T00:00:00,CMP-009,Scale AI,United States,North America,Enterprise AI,Strategic Round,115.3,1519.87,Accel,0.094,69.29,2.0,low,79.02,80.42,https://funding.example.com/900120
FND-900121,2026-04-22T00:00:00,CMP-009,Scale AI,United States,North America,Enterprise AI,Growth Round,160.71,1832.1,SoftBank,0.087,61.6,2.0,low,86.73,79.78,https://funding.example.com/900121
FND-900122,2025-01-16T00:00:00,CMP-010,Databricks,United States,North America,Data Engineering,Strategic Round,115.31,2333.97,Lightspeed,0.208,44.18,2.39,low,72.85,82.58,https://funding.example.com/900122
FND-900123,2025-03-03T00:00:00,CMP-010,Databricks,United States,North America,MLOps,Growth Round,93.76,1207.76,Coatue,0.034,44.27,2.0,low,81.72,67.69,https://funding.example.com/900123
FND-900124,2025-04-03T00:00:00,CMP-010,Databricks,United States,North America,Enterprise AI,Strategic Round,253.52,2102.78,Coatue,0.181,55.72,3.67,low,83.47,89.09,https://funding.example.com/900124
FND-900125,2025-04-09T00:00:00,CMP-010,Databricks,United States,North America,Data Engineering,Growth Round,243.56,6653.59,Sequoia,0.228,46.3,3.76,low,77.06,72.88,https://funding.example.com/900125
FND-900126,2025-04-16T00:00:00,CMP-010,Databricks,United States,North America,Enterprise AI,Tender Offer,267.81,3665.42,Lightspeed,0.329,64.89,4.91,low,82.9,79.72,https://funding.example.com/900126
FND-900127,2025-05-20T00:00:00,CMP-010,Databricks,United States,North America,MLOps,Tender Offer,281.21,6531.62,General Catalyst,0.139,41.95,4.2,low,74.87,72.93,https://funding.example.com/900127
FND-900128,2025-09-04T00:00:00,CMP-010,Databricks,United States,North America,Data Engineering,Growth Round,128.22,1461.74,SoftBank,0.126,44.01,2.53,low,74.68,77.59,https://funding.example.com/900128
FND-900129,2025-10-24T00:00:00,CMP-010,Databricks,United States,North America,MLOps,Growth Round,190.78,3297.2,Lightspeed,0.141,42.8,2.0,low,79.05,76.55,https://funding.example.com/900129
FND-900130,2025-11-02T00:00:00,CMP-010,Databricks,United States,North America,Enterprise AI,Growth Round,243.15,2076.19,SoftBank,0.316,55.41,4.66,low,87.52,83.6,https://funding.example.com/900130
FND-900131,2026-02-26T00:00:00,CMP-010,Databricks,United States,North America,MLOps,Strategic Round,134.88,2733.84,Lightspeed,-0.008,39.58,2.69,low,76.9,68.07,https://funding.example.com/900131
FND-900132,2026-03-08T00:00:00,CMP-010,Databricks,United States,North America,Data Engineering,Growth Round,103.32,1892.12,Sequoia,0.274,49.31,2.0,low,78.28,76.66,https://funding.example.com/900132
FND-900133,2026-03-12T00:00:00,CMP-010,Databricks,United States,North America,Enterprise AI,Growth Round,169.47,4317.14,Sequoia,0.153,50.87,2.19,low,85.13,86.05,https://funding.example.com/900133
FND-900134,2026-03-15T00:00:00,CMP-010,Databricks,United States,North America,Enterprise AI,Strategic Round,225.75,4355.44,Accel,0.118,57.51,2.0,low,82.63,78.82,https://funding.example.com/900134
FND-900135,2026-04-04T00:00:00,CMP-010,Databricks,United States,North America,Data Engineering,Strategic Round,350.0,5839.33,Sequoia,0.281,39.62,5.12,low,81.47,84.38,https://funding.example.com/900135
FND-900136,2025-02-07T00:00:00,CMP-011,Snowflake,United States,North America,Cloud Computing,Capex Program,266.8,6645.84,SoftBank,0.32,49.75,2.0,low,73.41,87.09,https://funding.example.com/900136
FND-900137,2025-02-20T00:00:00,CMP-011,Snowflake,United States,North America,Data Engineering,Follow-on Offering,442.59,9514.95,Sequoia,0.15,42.64,3.49,low,81.03,83.12,https://funding.example.com/900137
FND-900138,2025-03-10T00:00:00,CMP-011,Snowflake,United States,North America,Enterprise AI,Follow-on Offering,436.53,6305.55,Accel,-0.006,61.71,6.06,low,83.6,73.63,https://funding.example.com/900138
FND-900139,2025-03-13T00:00:00,CMP-011,Snowflake,United States,North America,Enterprise AI,Capex Program,580.13,4662.94,Lightspeed,0.033,63.03,8.2,low,87.96,75.77,https://funding.example.com/900139
FND-900140,2025-03-15T00:00:00,CMP-011,Snowflake,United States,North America,Cloud Computing,Follow-on Offering,365.79,4910.73,SoftBank,-0.05,45.17,4.15,low,68.71,88.07,https://funding.example.com/900140
FND-900141,2025-05-21T00:00:00,CMP-011,Snowflake,United States,North America,Cloud Computing,Follow-on Offering,472.53,5406.78,Lightspeed,0.034,52.3,5.12,low,74.05,91.15,https://funding.example.com/900141
FND-900142,2025-06-08T00:00:00,CMP-011,Snowflake,United States,North America,SaaS,Follow-on Offering,372.22,9980.96,Sequoia,0.115,32.42,4.82,low,68.3,76.69,https://funding.example.com/900142
FND-900143,2025-07-25T00:00:00,CMP-011,Snowflake,United States,North America,SaaS,Strategic Investment,524.26,9642.74,General Catalyst,0.177,34.89,7.2,low,70.88,74.86,https://funding.example.com/900143
FND-900144,2025-10-05T00:00:00,CMP-011,Snowflake,United States,North America,SaaS,Capex Program,509.07,7193.68,SoftBank,0.133,33.34,7.56,low,62.69,82.45,https://funding.example.com/900144
FND-900145,2025-11-13T00:00:00,CMP-011,Snowflake,United States,North America,Enterprise AI,Follow-on Offering,243.53,5308.55,Lightspeed,0.139,62.49,2.0,low,87.56,74.69,https://funding.example.com/900145
FND-900146,2025-11-22T00:00:00,CMP-011,Snowflake,United States,North America,Data Engineering,Capex Program,644.07,17009.19,Sequoia,0.305,43.8,6.54,low,76.17,77.24,https://funding.example.com/900146
FND-900147,2025-12-10T00:00:00,CMP-011,Snowflake,United States,North America,SaaS,Follow-on Offering,800.0,20178.18,Accel,-0.087,36.24,5.87,low,60.48,85.37,https://funding.example.com/900147
FND-900148,2025-12-19T00:00:00,CMP-011,Snowflake,United States,North America,Enterprise AI,Follow-on Offering,542.53,12109.54,Accel,0.036,56.47,3.54,low,78.82,82.33,https://funding.example.com/900148
FND-900149,2026-01-02T00:00:00,CMP-011,Snowflake,United States,North America,SaaS,Strategic Investment,453.87,11289.49,Lightspeed,0.105,37.56,6.35,low,64.58,83.86,https://funding.example.com/900149
FND-900150,2026-01-15T00:00:00,CMP-011,Snowflake,United States,North America,Data Engineering,Capex Program,517.28,6375.97,SoftBank,0.157,39.14,3.43,low,75.17,88.37,https://funding.example.com/900150
FND-900151,2026-01-18T00:00:00,CMP-011,Snowflake,United States,North America,Data Engineering,Capex Program,431.1,4920.31,Corporate VC,0.304,41.72,5.57,low,76.99,79.19,https://funding.example.com/900151
FND-900152,2026-01-31T00:00:00,CMP-011,Snowflake,United States,North America,Enterprise AI,Strategic Investment,464.46,12727.06,Lightspeed,0.131,60.63,4.67,low,87.76,77.91,https://funding.example.com/900152
FND-900153,2026-02-19T00:00:00,CMP-011,Snowflake,United States,North America,Enterprise AI,Follow-on Offering,800.0,12773.88,Corporate VC,-0.001,56.96,10.62,low,79.48,81.44,https://funding.example.com/900153
FND-900154,2026-03-06T00:00:00,CMP-011,Snowflake,United States,North America,Data Engineering,Strategic Investment,685.48,18900.1,Lightspeed,0.265,39.89,4.3,low,76.18,76.63,https://funding.example.com/900154
FND-900155,2026-04-15T00:00:00,CMP-011,Snowflake,United States,North America,Data Engineering,Follow-on Offering,800.0,16247.25,Coatue,0.03,44.19,8.4,low,78.09,84.33,https://funding.example.com/900155
FND-900156,2025-04-05T00:00:00,CMP-012,AWS,United States,North America,Data Engineering,Capex Allocation,325.16,6674.88,Sequoia,0.124,41.53,3.36,low,78.34,80.62,https://funding.example.com/900156
FND-900157,2025-05-02T00:00:00,CMP-012,AWS,United States,North America,Enterprise AI,Internal Investment,700.0,13491.34,Corporate VC,0.216,60.78,4.3,low,84.12,72.14,https://funding.example.com/900157
FND-900158,2025-05-06T00:00:00,CMP-012,AWS,United States,North America,Data Engineering,Capex Allocation,576.21,14476.48,Accel,0.225,47.6,4.22,low,76.33,82.97,https://funding.example.com/900158
FND-900159,2025-05-26T00:00:00,CMP-012,AWS,United States,North America,Enterprise AI,Capex Allocation,550.7,13325.08,General Catalyst,0.163,60.04,5.37,low,82.58,82.81,https://funding.example.com/900159
FND-900160,2025-06-03T00:00:00,CMP-012,AWS,United States,North America,Enterprise AI,Internal Investment,242.41,3012.13,General Catalyst,0.248,61.01,2.2,low,85.64,74.84,https://funding.example.com/900160
FND-900161,2025-08-21T00:00:00,CMP-012,AWS,United States,North America,Data Engineering,Internal Investment,262.34,3921.9,Sequoia,0.364,39.59,2.0,low,74.73,75.63,https://funding.example.com/900161
FND-900162,2025-12-02T00:00:00,CMP-012,AWS,United States,North America,Data Engineering,Internal Investment,571.18,15683.78,General Catalyst,0.123,50.58,2.62,low,75.47,83.71,https://funding.example.com/900162
FND-900163,2026-02-22T00:00:00,CMP-012,AWS,United States,North America,Cloud Computing,Capex Allocation,297.66,6821.97,General Catalyst,0.187,46.62,3.55,low,77.14,81.79,https://funding.example.com/900163
FND-900164,2026-04-13T00:00:00,CMP-012,AWS,United States,North America,Enterprise AI,Internal Investment,599.33,10497.1,Coatue,0.368,56.55,4.8,low,83.34,79.45,https://funding.example.com/900164
FND-900165,2026-04-23T00:00:00,CMP-012,AWS,United States,North America,Enterprise AI,Internal Investment,700.0,12405.02,Accel,0.228,61.01,2.92,low,85.1,77.72,https://funding.example.com/900165
FND-900166,2025-01-15T00:00:00,CMP-013,Cursor,United States,North America,Developer Tools,Growth Round,109.38,948.33,Accel,0.502,39.12,2.0,low,80.89,77.12,https://funding.example.com/900166
FND-900167,2025-02-24T00:00:00,CMP-013,Cursor,United States,North America,Developer Tools,Growth Round,177.41,1704.87,General Catalyst,0.07,53.05,3.67,low,85.99,70.47,https://funding.example.com/900167
FND-900168,2025-04-10T00:00:00,CMP-013,Cursor,United States,North America,Developer Tools,Growth Round,312.37,2546.57,SoftBank,0.284,45.81,6.48,low,78.55,82.52,https://funding.example.com/900168
FND-900169,2025-04-23T00:00:00,CMP-013,Cursor,United States,North America,Developer Tools,Growth Round,350.0,7431.55,Lightspeed,0.251,49.3,6.15,low,79.17,76.81,https://funding.example.com/900169
FND-900170,2025-06-03T00:00:00,CMP-013,Cursor,United States,North America,AI Agents,Strategic Round,190.54,2515.14,SoftBank,0.192,57.08,4.04,low,93.86,76.77,https://funding.example.com/900170
FND-900171,2025-06-20T00:00:00,CMP-013,Cursor,United States,North America,Developer Tools,Growth Round,350.0,6838.5,Corporate VC,0.278,44.4,7.08,low,82.73,75.98,https://funding.example.com/900171
FND-900172,2025-08-06T00:00:00,CMP-013,Cursor,United States,North America,AI Agents,Strategic Round,348.24,3370.8,Lightspeed,0.462,59.46,7.45,low,90.52,71.75,https://funding.example.com/900172
FND-900173,2025-10-17T00:00:00,CMP-013,Cursor,United States,North America,AI Agents,Strategic Round,173.84,3962.02,Accel,0.348,61.86,2.0,low,92.78,59.4,https://funding.example.com/900173
FND-900174,2025-10-24T00:00:00,CMP-013,Cursor,United States,North America,AI Agents,Growth Round,160.13,4313.83,Coatue,0.442,65.03,2.0,low,87.6,66.98,https://funding.example.com/900174
FND-900175,2025-11-05T00:00:00,CMP-013,Cursor,United States,North America,Developer Tools,Growth Round,176.96,1754.64,Coatue,0.334,44.31,2.0,low,83.73,81.87,https://funding.example.com/900175
FND-900176,2025-12-15T00:00:00,CMP-013,Cursor,United States,North America,AI Agents,Strategic Round,180.84,3838.3,Corporate VC,0.23,62.8,3.07,low,91.44,63.92,https://funding.example.com/900176
FND-900177,2026-02-11T00:00:00,CMP-013,Cursor,United States,North America,AI Agents,Growth Round,348.56,3155.42,General Catalyst,0.231,60.45,5.97,low,92.03,72.14,https://funding.example.com/900177
FND-900178,2026-03-05T00:00:00,CMP-013,Cursor,United States,North America,Developer Tools,Growth Round,193.31,1907.45,SoftBank,0.247,49.06,2.74,low,86.45,69.58,https://funding.example.com/900178
FND-900179,2026-04-23T00:00:00,CMP-013,Cursor,United States,North America,AI Agents,Strategic Round,162.69,2724.66,Lightspeed,0.479,63.12,3.31,low,90.34,64.0,https://funding.example.com/900179
FND-900180,2025-01-14T00:00:00,CMP-014,Replit,United States,North America,Developer Tools,Strategic Round,208.89,5223.49,SoftBank,0.266,46.41,2.41,low,81.6,78.64,https://funding.example.com/900180
FND-900181,2025-02-12T00:00:00,CMP-014,Replit,United States,North America,AI Agents,Strategic Round,184.84,2826.63,Coatue,0.229,64.91,3.39,low,92.34,69.55,https://funding.example.com/900181
FND-900182,2025-02-16T00:00:00,CMP-014,Replit,United States,North America,AI Agents,Strategic Round,249.1,3782.62,General Catalyst,0.282,59.72,4.47,low,86.19,70.9,https://funding.example.com/900182
FND-900183,2025-04-24T00:00:00,CMP-014,Replit,United States,North America,Developer Tools,Growth Round,350.0,6759.8,Coatue,0.245,52.5,5.78,low,83.73,78.66,https://funding.example.com/900183
FND-900184,2025-05-01T00:00:00,CMP-014,Replit,United States,North America,Developer Tools,Strategic Round,350.0,5084.2,SoftBank,0.191,48.28,4.81,low,80.89,78.11,https://funding.example.com/900184
FND-900185,2025-05-30T00:00:00,CMP-014,Replit,United States,North America,AI Agents,Strategic Round,216.53,5369.16,Sequoia,0.196,58.54,3.57,low,95.43,67.7,https://funding.example.com/900185
FND-900186,2025-06-04T00:00:00,CMP-014,Replit,United States,North America,Developer Tools,Tender Offer,194.3,3130.54,Sequoia,0.234,39.65,2.22,low,85.44,74.57,https://funding.example.com/900186
FND-900187,2025-09-17T00:00:00,CMP-014,Replit,United States,North America,Automation,Strategic Round,183.14,2619.22,Sequoia,0.067,32.02,3.94,low,78.06,78.51,https://funding.example.com/900187
FND-900188,2025-10-05T00:00:00,CMP-014,Replit,United States,North America,AI Agents,Strategic Round,156.02,3507.01,Accel,0.308,65.1,2.0,low,89.93,69.45,https://funding.example.com/900188
FND-900189,2025-10-17T00:00:00,CMP-014,Replit,United States,North America,Developer Tools,Growth Round,338.44,6935.75,Lightspeed,0.504,48.42,5.92,low,81.6,77.6,https://funding.example.com/900189
FND-900190,2025-10-26T00:00:00,CMP-014,Replit,United States,North America,Automation,Growth Round,171.99,3418.12,Lightspeed,0.228,35.04,3.1,low,73.8,71.74,https://funding.example.com/900190
FND-900191,2025-11-10T00:00:00,CMP-014,Replit,United States,North America,Developer Tools,Growth Round,189.57,3910.69,SoftBank,0.306,53.41,2.96,low,79.5,78.29,https://funding.example.com/900191
FND-900192,2026-01-04T00:00:00,CMP-014,Replit,United States,North America,AI Agents,Strategic Round,164.06,2547.89,SoftBank,0.218,68.39,2.65,low,92.0,67.21,https://funding.example.com/900192
FND-900193,2026-02-15T00:00:00,CMP-014,Replit,United States,North America,Developer Tools,Tender Offer,205.48,5368.37,SoftBank,0.144,47.83,2.0,low,81.06,74.49,https://funding.example.com/900193
FND-900194,2025-01-21T00:00:00,CMP-015,Windsurf,United States,North America,AI Agents,Growth Round,348.47,4823.53,Coatue,0.391,62.71,7.82,low,95.83,69.16,https://funding.example.com/900194
FND-900195,2025-03-24T00:00:00,CMP-015,Windsurf,United States,North America,AI Agents,Tender Offer,218.47,5642.59,Corporate VC,0.362,57.68,4.91,low,92.02,69.19,https://funding.example.com/900195
FND-900196,2025-04-14T00:00:00,CMP-015,Windsurf,United States,North America,AI Agents,Growth Round,139.59,3732.69,Accel,0.301,56.56,2.67,low,95.34,67.32,https://funding.example.com/900196
FND-900197,2025-04-17T00:00:00,CMP-015,Windsurf,United States,North America,AI Agents,Strategic Round,83.32,693.54,Accel,0.128,67.57,2.0,low,88.22,65.44,https://funding.example.com/900197
FND-900198,2025-04-23T00:00:00,CMP-015,Windsurf,United States,North America,AI Agents,Growth Round,174.29,3128.23,SoftBank,0.276,63.33,2.21,low,95.5,71.6,https://funding.example.com/900198
FND-900199,2025-06-22T00:00:00,CMP-015,Windsurf,United States,North America,AI Agents,Strategic Round,206.52,2307.57,Coatue,0.258,62.35,2.0,low,95.38,68.09,https://funding.example.com/900199
FND-900200,2025-08-09T00:00:00,CMP-015,Windsurf,United States,North America,AI Agents,Tender Offer,159.13,3659.93,SoftBank,0.29,60.2,2.0,low,92.49,65.56,https://funding.example.com/900200
FND-900201,2025-10-04T00:00:00,CMP-015,Windsurf,United States,North America,Developer Tools,Strategic Round,102.87,1109.84,SoftBank,0.094,48.53,2.0,low,89.35,81.32,https://funding.example.com/900201
FND-900202,2025-10-19T00:00:00,CMP-015,Windsurf,United States,North America,AI Agents,Growth Round,147.42,2345.05,Corporate VC,0.396,63.83,2.25,low,88.59,70.26,https://funding.example.com/900202
FND-900203,2025-10-26T00:00:00,CMP-015,Windsurf,United States,North America,AI Agents,Growth Round,307.17,7207.44,Coatue,0.213,62.34,2.63,low,92.87,62.51,https://funding.example.com/900203
FND-900204,2025-11-21T00:00:00,CMP-015,Windsurf,United States,North America,Automation,Growth Round,145.16,4038.98,Coatue,0.137,35.37,2.0,low,75.32,71.86,https://funding.example.com/900204
FND-900205,2026-01-27T00:00:00,CMP-015,Windsurf,United States,North America,Automation,Strategic Round,107.07,2276.25,Lightspeed,0.184,33.47,2.39,low,75.84,77.05,https://funding.example.com/900205
FND-900206,2026-02-09T00:00:00,CMP-015,Windsurf,United States,North America,AI Agents,Strategic Round,271.05,4467.86,Corporate VC,0.39,61.97,2.35,low,93.81,62.11,https://funding.example.com/900206
FND-900207,2026-04-10T00:00:00,CMP-015,Windsurf,United States,North America,Automation,Growth Round,350.0,9322.4,Accel,0.143,32.06,7.17,low,74.45,65.78,https://funding.example.com/900207
FND-900208,2025-04-17T00:00:00,CMP-016,Midjourney,United States,North America,Generative AI,Growth Round,284.96,3017.1,Coatue,0.195,56.78,2.41,low,87.91,67.11,https://funding.example.com/900208
FND-900209,2025-04-22T00:00:00,CMP-016,Midjourney,United States,North America,Generative AI,Strategic Round,176.06,2770.08,Accel,0.006,56.82,2.0,low,91.02,67.25,https://funding.example.com/900209
FND-900210,2025-05-21T00:00:00,CMP-016,Midjourney,United States,North America,Generative AI,Growth Round,273.6,3675.57,Sequoia,-0.091,67.76,2.89,low,89.33,71.3,https://funding.example.com/900210
FND-900211,2025-07-03T00:00:00,CMP-016,Midjourney,United States,North America,Generative AI,Strategic Round,201.27,5048.19,General Catalyst,0.123,73.59,2.34,low,96.51,68.2,https://funding.example.com/900211
FND-900212,2025-07-06T00:00:00,CMP-016,Midjourney,United States,North America,Generative AI,Tender Offer,129.21,2690.05,Sequoia,0.036,71.07,2.15,low,87.57,75.05,https://funding.example.com/900212
FND-900213,2025-11-29T00:00:00,CMP-016,Midjourney,United States,North America,Generative AI,Growth Round,133.7,1585.6,Accel,0.275,65.32,2.61,low,90.34,66.71,https://funding.example.com/900213
FND-900214,2025-12-18T00:00:00,CMP-016,Midjourney,United States,North America,Generative AI,Tender Offer,222.69,3573.61,Sequoia,-0.049,63.37,3.71,low,86.65,76.21,https://funding.example.com/900214
FND-900215,2025-12-25T00:00:00,CMP-016,Midjourney,United States,North America,Generative AI,Growth Round,305.5,4035.96,Corporate VC,0.313,60.88,2.85,low,96.01,71.76,https://funding.example.com/900215
FND-900216,2025-12-30T00:00:00,CMP-016,Midjourney,United States,North America,Generative AI,Tender Offer,231.42,1859.17,General Catalyst,0.015,72.74,2.92,low,92.51,63.9,https://funding.example.com/900216
FND-900217,2026-01-10T00:00:00,CMP-016,Midjourney,United States,North America,Generative AI,Strategic Round,237.87,4019.05,Lightspeed,0.122,70.7,2.38,low,90.14,62.11,https://funding.example.com/900217
FND-900218,2026-02-25T00:00:00,CMP-016,Midjourney,United States,North America,Generative AI,Strategic Round,209.51,4889.34,Corporate VC,-0.029,72.98,2.91,low,90.33,72.33,https://funding.example.com/900218
FND-900219,2026-04-15T00:00:00,CMP-016,Midjourney,United States,North America,Generative AI,Growth Round,137.7,1414.58,Coatue,0.18,67.85,2.29,low,88.43,72.9,https://funding.example.com/900219
FND-900220,2026-04-19T00:00:00,CMP-016,Midjourney,United States,North America,Generative AI,Strategic Round,87.71,2133.58,Coatue,0.221,67.2,2.0,low,89.67,72.38,https://funding.example.com/900220
FND-900221,2026-04-26T00:00:00,CMP-016,Midjourney,United States,North America,Generative AI,Tender Offer,139.64,1549.34,Coatue,0.216,72.3,2.77,low,93.32,74.4,https://funding.example.com/900221
FND-900222,2025-03-31T00:00:00,CMP-017,Stability AI,United Kingdom,Europe,Open Source AI,Growth Round,350.0,5865.28,General Catalyst,0.18,43.56,6.18,low,85.84,66.93,https://funding.example.com/900222
FND-900223,2025-05-11T00:00:00,CMP-017,Stability AI,United Kingdom,Europe,Open Source AI,Growth Round,219.02,5181.12,Corporate VC,0.264,49.93,3.1,low,88.67,66.44,https://funding.example.com/900223
FND-900224,2025-05-23T00:00:00,CMP-017,Stability AI,United Kingdom,Europe,Open Source AI,Strategic Round,304.87,3376.45,Coatue,0.379,52.68,6.66,low,86.31,70.03,https://funding.example.com/900224
FND-900225,2025-06-14T00:00:00,CMP-017,Stability AI,United Kingdom,Europe,MLOps,Growth Round,168.75,1468.34,SoftBank,0.358,43.73,2.0,low,85.16,73.36,https://funding.example.com/900225
FND-900226,2025-07-26T00:00:00,CMP-017,Stability AI,United Kingdom,Europe,Generative AI,Growth Round,350.0,5020.39,Corporate VC,0.229,59.07,6.43,low,92.26,72.1,https://funding.example.com/900226
FND-900227,2025-08-30T00:00:00,CMP-017,Stability AI,United Kingdom,Europe,Generative AI,Strategic Round,186.4,2706.48,Sequoia,0.215,64.17,4.17,low,89.95,78.67,https://funding.example.com/900227
FND-900228,2025-09-09T00:00:00,CMP-017,Stability AI,United Kingdom,Europe,Generative AI,Growth Round,350.0,8073.92,General Catalyst,0.209,67.32,4.36,low,89.07,71.44,https://funding.example.com/900228
FND-900229,2025-09-13T00:00:00,CMP-017,Stability AI,United Kingdom,Europe,Generative AI,Growth Round,268.52,2845.72,General Catalyst,0.065,70.0,5.95,low,99.08,63.86,https://funding.example.com/900229
FND-900230,2025-10-31T00:00:00,CMP-017,Stability AI,United Kingdom,Europe,Open Source AI,Strategic Round,223.18,3831.82,General Catalyst,0.236,42.31,2.0,low,91.0,58.52,https://funding.example.com/900230
FND-900231,2025-12-09T00:00:00,CMP-017,Stability AI,United Kingdom,Europe,Open Source AI,Tender Offer,242.91,3818.31,Coatue,0.215,53.23,3.99,low,89.9,73.37,https://funding.example.com/900231
FND-900232,2026-01-04T00:00:00,CMP-017,Stability AI,United Kingdom,Europe,Generative AI,Growth Round,306.03,8369.16,Accel,0.269,65.04,4.24,low,91.39,67.34,https://funding.example.com/900232
FND-900233,2026-01-09T00:00:00,CMP-017,Stability AI,United Kingdom,Europe,MLOps,Growth Round,195.74,1542.75,SoftBank,0.084,34.91,2.0,low,85.44,69.19,https://funding.example.com/900233
FND-900234,2026-04-07T00:00:00,CMP-017,Stability AI,United Kingdom,Europe,Generative AI,Growth Round,343.49,5158.56,Corporate VC,0.037,65.15,5.78,low,93.26,65.9,https://funding.example.com/900234
FND-900235,2026-04-29T00:00:00,CMP-017,Stability AI,United Kingdom,Europe,Generative AI,Tender Offer,272.36,3523.3,Sequoia,0.395,61.62,3.69,low,91.4,68.68,https://funding.example.com/900235
FND-900236,2025-01-18T00:00:00,CMP-018,Mistral AI,France,Europe,Open Source AI,Growth Round,243.81,5597.74,Corporate VC,0.069,47.73,2.52,low,90.94,56.02,https://funding.example.com/900236
FND-900237,2025-01-23T00:00:00,CMP-018,Mistral AI,France,Europe,Enterprise AI,Strategic Round,277.81,2498.64,SoftBank,-0.035,61.92,5.65,low,88.15,79.79,https://funding.example.com/900237
FND-900238,2025-04-02T00:00:00,CMP-018,Mistral AI,France,Europe,LLM,Tender Offer,131.39,1136.67,Corporate VC,0.441,62.18,2.0,low,88.11,71.36,https://funding.example.com/900238
FND-900239,2025-05-31T00:00:00,CMP-018,Mistral AI,France,Europe,Enterprise AI,Growth Round,161.61,4027.03,Sequoia,0.19,60.5,2.63,low,85.82,77.32,https://funding.example.com/900239
FND-900240,2025-06-09T00:00:00,CMP-018,Mistral AI,France,Europe,Enterprise AI,Strategic Round,148.86,1456.8,General Catalyst,-0.007,62.2,2.48,low,84.25,82.84,https://funding.example.com/900240
FND-900241,2025-07-15T00:00:00,CMP-018,Mistral AI,France,Europe,LLM,Strategic Round,319.53,4781.99,SoftBank,0.325,60.03,5.65,low,94.9,69.12,https://funding.example.com/900241
FND-900242,2025-07-31T00:00:00,CMP-018,Mistral AI,France,Europe,LLM,Growth Round,183.95,2790.69,Lightspeed,0.153,59.86,3.11,low,93.07,63.46,https://funding.example.com/900242
FND-900243,2025-10-02T00:00:00,CMP-018,Mistral AI,France,Europe,Inference Optimization,Growth Round,174.23,4684.3,Accel,0.29,34.06,2.65,low,85.7,52.41,https://funding.example.com/900243
FND-900244,2025-12-13T00:00:00,CMP-018,Mistral AI,France,Europe,LLM,Growth Round,350.0,5958.38,Sequoia,0.034,63.49,7.3,low,92.45,75.84,https://funding.example.com/900244
FND-900245,2025-12-16T00:00:00,CMP-018,Mistral AI,France,Europe,Open Source AI,Growth Round,350.0,4349.65,Corporate VC,0.196,50.69,7.06,low,87.55,73.35,https://funding.example.com/900245
FND-900246,2026-01-23T00:00:00,CMP-018,Mistral AI,France,Europe,Open Source AI,Growth Round,185.11,2779.58,Coatue,0.255,47.9,3.95,low,84.64,62.53,https://funding.example.com/900246
FND-900247,2026-01-29T00:00:00,CMP-018,Mistral AI,France,Europe,Inference Optimization,Strategic Round,167.52,2555.81,Corporate VC,-0.046,27.93,3.34,low,85.57,57.63,https://funding.example.com/900247
FND-900248,2026-02-04T00:00:00,CMP-018,Mistral AI,France,Europe,LLM,Growth Round,350.0,4340.79,Coatue,0.203,62.05,6.58,low,87.15,74.56,https://funding.example.com/900248
FND-900249,2026-03-16T00:00:00,CMP-018,Mistral AI,France,Europe,Inference Optimization,Growth Round,350.0,3209.52,Sequoia,0.241,32.06,6.02,low,85.07,58.45,https://funding.example.com/900249
FND-900250,2025-01-20T00:00:00,CMP-019,CoreWeave,United States,North America,Inference Optimization,Follow-on Offering,644.53,9140.09,Corporate VC,0.016,27.41,6.34,low,83.52,48.72,https://funding.example.com/900250
FND-900251,2025-02-27T00:00:00,CMP-019,CoreWeave,United States,North America,GPU Infrastructure,Capex Program,638.46,6178.02,Coatue,0.006,42.38,8.74,low,86.75,61.79,https://funding.example.com/900251
FND-900252,2025-04-16T00:00:00,CMP-019,CoreWeave,United States,North America,GPU Infrastructure,Capex Program,800.0,19378.03,Lightspeed,0.3,36.85,5.5,low,87.45,71.67,https://funding.example.com/900252
FND-900253,2025-04-21T00:00:00,CMP-019,CoreWeave,United States,North America,GPU Infrastructure,Capex Program,560.58,5486.24,Corporate VC,0.084,37.34,4.93,low,84.64,58.25,https://funding.example.com/900253
FND-900254,2025-05-08T00:00:00,CMP-019,CoreWeave,United States,North America,GPU Infrastructure,Strategic Investment,397.21,5962.56,Corporate VC,0.26,45.35,5.1,low,89.9,61.51,https://funding.example.com/900254
FND-900255,2025-05-10T00:00:00,CMP-019,CoreWeave,United States,North America,GPU Infrastructure,Strategic Investment,376.55,5890.19,Accel,0.263,34.12,3.11,low,79.33,58.8,https://funding.example.com/900255
FND-900256,2025-08-09T00:00:00,CMP-019,CoreWeave,United States,North America,Inference Optimization,Strategic Investment,480.37,7715.59,Corporate VC,0.216,33.29,3.73,low,84.96,55.97,https://funding.example.com/900256
FND-900257,2025-09-08T00:00:00,CMP-019,CoreWeave,United States,North America,Cloud Computing,Capex Program,424.22,11189.18,SoftBank,-0.081,51.85,2.42,low,76.0,82.6,https://funding.example.com/900257
FND-900258,2025-09-11T00:00:00,CMP-019,CoreWeave,United States,North America,GPU Infrastructure,Capex Program,422.0,4641.01,Accel,0.146,38.82,5.58,low,85.14,55.39,https://funding.example.com/900258
FND-900259,2025-09-22T00:00:00,CMP-019,CoreWeave,United States,North America,Cloud Computing,Strategic Investment,777.3,11841.17,SoftBank,0.114,48.26,9.27,low,71.38,79.85,https://funding.example.com/900259
FND-900260,2026-01-12T00:00:00,CMP-019,CoreWeave,United States,North America,Inference Optimization,Follow-on Offering,627.17,12188.19,Corporate VC,0.112,34.66,7.77,low,84.82,63.47,https://funding.example.com/900260
FND-900261,2026-01-14T00:00:00,CMP-019,CoreWeave,United States,North America,GPU Infrastructure,Capex Program,437.68,11501.76,Corporate VC,-0.039,30.97,4.66,low,85.91,58.58,https://funding.example.com/900261
FND-900262,2025-02-17T00:00:00,CMP-020,Figure,United States,North America,Robotics,Strategic Round,350.0,3700.46,Corporate VC,0.038,31.38,6.89,low,88.47,47.8,https://funding.example.com/900262
FND-900263,2025-03-12T00:00:00,CMP-020,Figure,United States,North America,Semiconductors,Strategic Round,132.44,1627.39,General Catalyst,0.045,40.91,2.0,low,87.46,81.38,https://funding.example.com/900263
FND-900264,2025-04-22T00:00:00,CMP-020,Figure,United States,North America,Robotics,Growth Round,158.04,3186.78,General Catalyst,0.186,30.44,2.36,low,82.4,53.59,https://funding.example.com/900264
FND-900265,2025-06-01T00:00:00,CMP-020,Figure,United States,North America,Robotics,Growth Round,281.77,3176.04,Coatue,0.199,32.0,2.69,low,88.36,47.25,https://funding.example.com/900265
FND-900266,2025-07-09T00:00:00,CMP-020,Figure,United States,North America,Robotics,Growth Round,350.0,4845.32,Corporate VC,0.183,35.46,7.83,low,89.18,47.36,https://funding.example.com/900266
FND-900267,2025-07-19T00:00:00,CMP-020,Figure,United States,North America,Robotics,Growth Round,278.96,3440.14,Sequoia,0.28,30.67,6.06,low,83.69,50.94,https://funding.example.com/900267
FND-900268,2025-09-25T00:00:00,CMP-020,Figure,United States,North America,Robotics,Tender Offer,246.02,3101.04,SoftBank,0.219,33.22,4.67,low,87.38,50.18,https://funding.example.com/900268
FND-900269,2025-10-26T00:00:00,CMP-020,Figure,United States,North America,Semiconductors,Growth Round,259.29,3268.64,Coatue,-0.044,44.74,2.25,low,83.67,76.54,https://funding.example.com/900269
FND-900270,2025-11-12T00:00:00,CMP-020,Figure,United States,North America,Semiconductors,Growth Round,163.22,1205.18,Corporate VC,0.33,54.49,3.19,low,85.66,66.2,https://funding.example.com/900270
FND-900271,2025-11-18T00:00:00,CMP-020,Figure,United States,North America,Robotics,Strategic Round,284.01,6372.94,Corporate VC,0.24,30.4,3.75,low,87.91,47.57,https://funding.example.com/900271
FND-900272,2026-02-08T00:00:00,CMP-020,Figure,United States,North America,Robotics,Growth Round,251.84,6506.22,SoftBank,0.288,24.83,4.61,low,85.11,48.24,https://funding.example.com/900272
FND-900273,2026-02-13T00:00:00,CMP-020,Figure,United States,North America,Semiconductors,Tender Offer,277.32,4218.94,SoftBank,0.184,53.54,3.27,low,83.62,69.59,https://funding.example.com/900273
FND-900274,2026-03-10T00:00:00,CMP-020,Figure,United States,North America,Semiconductors,Growth Round,209.58,5629.38,Coatue,0.082,48.29,3.49,low,84.04,70.07,https://funding.example.com/900274
FND-900275,2026-03-12T00:00:00,CMP-020,Figure,United States,North America,Robotics,Strategic Round,329.06,5591.95,General Catalyst,0.186,28.42,4.68,low,83.18,48.05,https://funding.example.com/900275
FND-900276,2025-02-16T00:00:00,CMP-021,CrowdStrike,United States,North America,Cybersecurity,Capex Program,391.93,8513.76,SoftBank,0.063,57.47,4.26,low,80.26,79.8,https://funding.example.com/900276
FND-900277,2025-02-22T00:00:00,CMP-021,CrowdStrike,United States,North America,Cybersecurity,Capex Program,471.49,8143.82,General Catalyst,-0.021,51.87,6.41,low,85.81,71.04,https://funding.example.com/900277
FND-900278,2025-04-13T00:00:00,CMP-021,CrowdStrike,United States,North America,Cybersecurity,Strategic Investment,232.96,5999.2,Accel,0.036,50.09,2.12,low,77.02,74.73,https://funding.example.com/900278
FND-900279,2025-04-20T00:00:00,CMP-021,CrowdStrike,United States,North America,Cybersecurity,Capex Program,727.41,18236.28,Corporate VC,0.257,61.5,8.07,low,77.41,76.31,https://funding.example.com/900279
FND-900280,2025-05-25T00:00:00,CMP-021,CrowdStrike,United States,North America,Cybersecurity,Follow-on Offering,591.48,13424.35,General Catalyst,0.243,58.36,7.88,low,74.97,71.64,https://funding.example.com/900280
FND-900281,2025-07-09T00:00:00,CMP-021,CrowdStrike,United States,North America,Cybersecurity,Capex Program,292.83,3726.56,Sequoia,0.101,57.13,2.49,low,81.36,73.61,https://funding.example.com/900281
FND-900282,2025-07-11T00:00:00,CMP-021,CrowdStrike,United States,North America,Cybersecurity,Capex Program,800.0,14837.18,Lightspeed,-0.038,48.44,8.34,low,78.11,84.87,https://funding.example.com/900282
FND-900283,2025-08-28T00:00:00,CMP-021,CrowdStrike,United States,North America,Cybersecurity,Follow-on Offering,279.04,5198.83,Corporate VC,0.018,52.53,3.89,low,73.97,77.07,https://funding.example.com/900283
FND-900284,2026-01-22T00:00:00,CMP-021,CrowdStrike,United States,North America,Cybersecurity,Strategic Investment,745.24,7841.08,Corporate VC,-0.286,55.56,10.22,low,79.81,74.56,https://funding.example.com/900284
FND-900285,2026-02-14T00:00:00,CMP-021,CrowdStrike,United States,North America,Cybersecurity,Follow-on Offering,625.81,10925.96,Sequoia,0.005,54.85,6.06,low,74.06,78.18,https://funding.example.com/900285
FND-900286,2026-03-24T00:00:00,CMP-021,CrowdStrike,United States,North America,Cybersecurity,Capex Program,562.73,6787.41,Sequoia,0.128,59.08,3.2,low,76.19,80.07,https://funding.example.com/900286
FND-900287,2026-04-24T00:00:00,CMP-021,CrowdStrike,United States,North America,Cybersecurity,Strategic Investment,457.11,6894.77,Lightspeed,0.267,66.72,4.15,low,80.31,78.8,https://funding.example.com/900287
FND-900288,2025-01-02T00:00:00,CMP-022,Palo Alto Networks,United States,North America,Edge AI,Capex Program,232.46,4574.14,Lightspeed,0.026,44.19,2.0,low,84.86,58.54,https://funding.example.com/900288
FND-900289,2025-01-17T00:00:00,CMP-022,Palo Alto Networks,United States,North America,Cybersecurity,Capex Program,312.03,5804.25,Coatue,0.192,60.39,3.15,low,80.74,77.42,https://funding.example.com/900289
FND-900290,2025-02-01T00:00:00,CMP-022,Palo Alto Networks,United States,North America,Cybersecurity,Strategic Investment,783.57,16875.48,Coatue,0.252,58.42,11.05,low,78.1,75.41,https://funding.example.com/900290
FND-900291,2025-03-13T00:00:00,CMP-022,Palo Alto Networks,United States,North America,Cybersecurity,Capex Program,800.0,8772.15,General Catalyst,0.132,51.84,8.54,low,78.03,72.55,https://funding.example.com/900291
FND-900292,2025-06-03T00:00:00,CMP-022,Palo Alto Networks,United States,North America,Cybersecurity,Strategic Investment,299.76,6300.11,Corporate VC,0.093,59.39,3.77,low,79.91,78.79,https://funding.example.com/900292
FND-900293,2025-08-24T00:00:00,CMP-022,Palo Alto Networks,United States,North America,Cybersecurity,Strategic Investment,263.0,3268.5,Coatue,-0.068,56.25,3.22,low,78.84,76.67,https://funding.example.com/900293
FND-900294,2025-09-06T00:00:00,CMP-022,Palo Alto Networks,United States,North America,Edge AI,Strategic Investment,404.6,10817.54,Accel,0.155,28.44,3.82,low,83.89,57.21,https://funding.example.com/900294
FND-900295,2025-09-17T00:00:00,CMP-022,Palo Alto Networks,United States,North America,Edge AI,Strategic Investment,644.23,17282.63,Corporate VC,0.233,28.07,6.29,low,78.97,56.46,https://funding.example.com/900295
FND-900296,2025-10-23T00:00:00,CMP-022,Palo Alto Networks,United States,North America,Edge AI,Follow-on Offering,800.0,19390.97,Lightspeed,0.23,29.72,6.0,low,83.88,53.43,https://funding.example.com/900296
FND-900297,2026-02-23T00:00:00,CMP-022,Palo Alto Networks,United States,North America,Edge AI,Strategic Investment,244.74,4226.7,Corporate VC,0.234,31.31,3.33,low,79.79,58.52,https://funding.example.com/900297
FND-900298,2026-03-11T00:00:00,CMP-022,Palo Alto Networks,United States,North America,Cybersecurity,Capex Program,644.17,14441.45,General Catalyst,0.177,58.82,6.88,low,78.97,76.24,https://funding.example.com/900298
FND-900299,2026-04-22T00:00:00,CMP-022,Palo Alto Networks,United States,North America,Edge AI,Strategic Investment,195.09,5093.37,Sequoia,0.25,32.64,2.0,low,81.07,54.51,https://funding.example.com/900299
FND-900300,2025-01-13T00:00:00,CMP-023,Cloudflare,United States,North America,Cybersecurity,Capex Program,267.48,4935.41,Lightspeed,0.158,52.49,2.61,low,77.2,79.91,https://funding.example.com/900300
FND-900301,2025-03-01T00:00:00,CMP-023,Cloudflare,United States,North America,Edge AI,Strategic Investment,512.23,13876.22,Coatue,-0.055,35.4,2.66,low,79.38,55.92,https://funding.example.com/900301
FND-900302,2025-03-05T00:00:00,CMP-023,Cloudflare,United States,North America,Edge AI,Strategic Investment,504.6,5967.64,Sequoia,0.251,32.71,5.29,low,85.49,56.91,https://funding.example.com/900302
FND-900303,2025-04-07T00:00:00,CMP-023,Cloudflare,United States,North America,Edge AI,Strategic Investment,569.4,10046.45,Coatue,0.161,32.37,3.36,low,81.97,50.85,https://funding.example.com/900303
FND-900304,2025-05-10T00:00:00,CMP-023,Cloudflare,United States,North America,Cybersecurity,Follow-on Offering,342.28,7844.02,Coatue,0.076,58.27,2.0,low,78.09,77.65,https://funding.example.com/900304
FND-900305,2025-05-24T00:00:00,CMP-023,Cloudflare,United States,North America,Edge AI,Follow-on Offering,756.67,11975.9,Sequoia,0.041,30.09,4.68,low,86.46,59.51,https://funding.example.com/900305
FND-900306,2025-05-29T00:00:00,CMP-023,Cloudflare,United States,North America,Edge AI,Strategic Investment,586.84,8190.04,Sequoia,0.045,37.2,8.11,low,83.85,52.82,https://funding.example.com/900306
FND-900307,2025-09-27T00:00:00,CMP-023,Cloudflare,United States,North America,Cybersecurity,Strategic Investment,244.56,2555.77,General Catalyst,0.228,65.6,2.45,low,75.32,78.88,https://funding.example.com/900307
FND-900308,2025-09-28T00:00:00,CMP-023,Cloudflare,United States,North America,Cybersecurity,Capex Program,470.34,8741.54,Lightspeed,-0.142,52.85,3.04,low,74.73,75.21,https://funding.example.com/900308
FND-900309,2025-11-21T00:00:00,CMP-023,Cloudflare,United States,North America,Cybersecurity,Strategic Investment,388.23,2948.47,Corporate VC,-0.056,51.26,3.09,low,72.76,76.93,https://funding.example.com/900309
FND-900310,2026-03-02T00:00:00,CMP-023,Cloudflare,United States,North America,Cybersecurity,Follow-on Offering,258.63,2971.98,Sequoia,-0.203,61.71,2.56,low,80.06,83.4,https://funding.example.com/900310
FND-900311,2026-03-26T00:00:00,CMP-023,Cloudflare,United States,North America,Edge AI,Capex Program,621.16,13335.87,Coatue,0.215,35.79,6.44,low,81.52,56.07,https://funding.example.com/900311
FND-900312,2025-01-17T00:00:00,CMP-024,GitLab,United States,North America,Developer Tools,Strategic Investment,719.56,7347.26,General Catalyst,0.431,43.67,8.22,low,81.39,74.5,https://funding.example.com/900312
FND-900313,2025-04-03T00:00:00,CMP-024,GitLab,United States,North America,Developer Tools,Strategic Investment,248.6,5923.53,Coatue,0.11,37.48,2.01,low,88.77,79.03,https://funding.example.com/900313
FND-900314,2025-04-08T00:00:00,CMP-024,GitLab,United States,North America,DevOps,Follow-on Offering,320.72,5527.89,General Catalyst,0.022,35.57,2.0,low,69.59,90.07,https://funding.example.com/900314
FND-900315,2025-04-19T00:00:00,CMP-024,GitLab,United States,North America,Developer Tools,Strategic Investment,637.04,7718.36,SoftBank,0.257,44.76,7.19,low,77.34,74.35,https://funding.example.com/900315
FND-900316,2025-04-21T00:00:00,CMP-024,GitLab,United States,North America,SaaS,Capex Program,397.07,10076.5,Sequoia,0.319,36.29,5.85,low,65.95,76.46,https://funding.example.com/900316
FND-900317,2025-04-24T00:00:00,CMP-024,GitLab,United States,North America,SaaS,Capex Program,748.28,7564.65,Corporate VC,-0.067,38.26,5.9,low,63.48,79.38,https://funding.example.com/900317
FND-900318,2025-05-25T00:00:00,CMP-024,GitLab,United States,North America,DevOps,Capex Program,389.72,9158.23,Sequoia,0.18,36.21,5.82,low,66.85,79.5,https://funding.example.com/900318
FND-900319,2025-08-02T00:00:00,CMP-024,GitLab,United States,North America,Developer Tools,Capex Program,605.04,10049.65,Coatue,0.026,42.64,7.0,low,79.63,74.52,https://funding.example.com/900319
FND-900320,2025-08-06T00:00:00,CMP-024,GitLab,United States,North America,DevOps,Strategic Investment,355.98,2931.28,General Catalyst,0.091,36.35,3.02,low,72.29,78.13,https://funding.example.com/900320
FND-900321,2025-09-18T00:00:00,CMP-024,GitLab,United States,North America,Cloud Computing,Follow-on Offering,192.55,5166.4,Corporate VC,-0.053,45.6,2.0,low,75.69,91.07,https://funding.example.com/900321
FND-900322,2026-02-20T00:00:00,CMP-024,GitLab,United States,North America,Cloud Computing,Strategic Investment,707.19,16164.59,SoftBank,0.251,41.76,5.87,low,70.41,82.8,https://funding.example.com/900322
FND-900323,2026-03-31T00:00:00,CMP-024,GitLab,United States,North America,Developer Tools,Capex Program,540.84,8450.31,Corporate VC,0.06,45.23,6.91,low,84.73,76.71,https://funding.example.com/900323
FND-900324,2025-01-24T00:00:00,CMP-025,MongoDB,United States,North America,Vector Databases,Strategic Investment,290.41,3109.14,Coatue,0.23,31.98,3.96,low,80.6,58.64,https://funding.example.com/900324
FND-900325,2025-02-03T00:00:00,CMP-025,MongoDB,United States,North America,Developer Tools,Strategic Investment,354.17,7197.76,Lightspeed,0.152,50.74,2.0,low,82.72,77.47,https://funding.example.com/900325
FND-900326,2025-03-25T00:00:00,CMP-025,MongoDB,United States,North America,Developer Tools,Capex Program,637.87,17247.57,Lightspeed,0.074,46.05,4.17,low,79.51,86.45,https://funding.example.com/900326
FND-900327,2025-04-13T00:00:00,CMP-025,MongoDB,United States,North America,Vector Databases,Capex Program,241.56,2700.89,Sequoia,0.233,24.13,2.0,low,82.81,51.08,https://funding.example.com/900327
FND-900328,2025-04-20T00:00:00,CMP-025,MongoDB,United States,North America,Data Engineering,Follow-on Offering,420.33,9240.69,Sequoia,0.05,42.98,2.39,low,81.62,83.07,https://funding.example.com/900328
FND-900329,2025-05-02T00:00:00,CMP-025,MongoDB,United States,North America,Vector Databases,Follow-on Offering,360.39,2924.94,Corporate VC,0.127,35.03,5.14,low,79.9,53.39,https://funding.example.com/900329
FND-900330,2025-06-22T00:00:00,CMP-025,MongoDB,United States,North America,Vector Databases,Capex Program,365.99,9877.98,General Catalyst,0.289,38.32,4.72,low,79.58,58.14,https://funding.example.com/900330
FND-900331,2025-07-30T00:00:00,CMP-025,MongoDB,United States,North America,SaaS,Follow-on Offering,666.78,8003.87,Corporate VC,0.112,37.82,4.48,low,61.79,78.12,https://funding.example.com/900331
FND-900332,2025-10-21T00:00:00,CMP-025,MongoDB,United States,North America,Vector Databases,Strategic Investment,335.64,2630.96,SoftBank,0.086,36.88,2.43,low,82.13,54.29,https://funding.example.com/900332
FND-900333,2025-11-09T00:00:00,CMP-025,MongoDB,United States,North America,Data Engineering,Follow-on Offering,219.17,4615.74,General Catalyst,0.268,37.79,2.57,low,72.15,88.2,https://funding.example.com/900333
FND-900334,2025-12-02T00:00:00,CMP-025,MongoDB,United States,North America,Developer Tools,Follow-on Offering,519.6,5797.32,SoftBank,0.258,50.91,3.02,low,80.11,78.76,https://funding.example.com/900334
FND-900335,2025-12-31T00:00:00,CMP-025,MongoDB,United States,North America,Data Engineering,Capex Program,611.85,14426.91,Lightspeed,0.231,46.56,7.7,low,73.7,82.76,https://funding.example.com/900335
FND-900336,2026-01-11T00:00:00,CMP-025,MongoDB,United States,North America,Data Engineering,Capex Program,800.0,9624.05,Lightspeed,0.028,42.55,8.31,low,76.48,73.27,https://funding.example.com/900336
FND-900337,2026-01-19T00:00:00,CMP-025,MongoDB,United States,North America,Developer Tools,Strategic Investment,617.05,7285.01,Corporate VC,0.313,47.46,3.53,low,84.39,77.7,https://funding.example.com/900337
FND-900338,2026-01-20T00:00:00,CMP-025,MongoDB,United States,North America,Vector Databases,Capex Program,485.68,8174.19,SoftBank,0.175,29.43,4.27,low,82.7,65.36,https://funding.example.com/900338
FND-900339,2026-01-24T00:00:00,CMP-025,MongoDB,United States,North America,SaaS,Strategic Investment,502.5,4539.44,General Catalyst,-0.011,31.28,6.65,low,67.59,82.74,https://funding.example.com/900339
FND-900340,2026-03-08T00:00:00,CMP-025,MongoDB,United States,North America,Developer Tools,Capex Program,362.89,7946.79,Lightspeed,0.247,42.88,3.85,low,81.13,78.59,https://funding.example.com/900340
FND-900341,2026-03-16T00:00:00,CMP-025,MongoDB,United States,North America,Data Engineering,Capex Program,224.18,5535.66,General Catalyst,-0.128,44.55,2.5,low,82.16,79.55,https://funding.example.com/900341
FND-900342,2026-03-19T00:00:00,CMP-025,MongoDB,United States,North America,Developer Tools,Capex Program,408.25,3000.82,Corporate VC,-0.016,43.37,4.42,low,80.75,77.7,https://funding.example.com/900342
FND-900343,2026-04-16T00:00:00,CMP-025,MongoDB,United States,North America,Developer Tools,Capex Program,512.81,13664.0,Coatue,0.112,46.46,3.88,low,85.99,77.41,https://funding.example.com/900343
FND-900344,2025-01-18T00:00:00,CMP-026,Confluent,United States,North America,Data Engineering,Capex Program,294.09,4471.8,Sequoia,0.105,42.92,2.0,low,78.36,84.68,https://funding.example.com/900344
FND-900345,2025-01-28T00:00:00,CMP-026,Confluent,United States,North America,DevOps,Capex Program,545.6,12632.69,Corporate VC,0.229,33.52,3.32,low,68.78,90.61,https://funding.example.com/900345
FND-900346,2025-02-19T00:00:00,CMP-026,Confluent,United States,North America,Data Engineering,Follow-on Offering,414.88,3454.91,Coatue,-0.012,47.14,3.74,low,73.74,76.62,https://funding.example.com/900346
FND-900347,2025-04-20T00:00:00,CMP-026,Confluent,United States,North America,Data Engineering,Follow-on Offering,613.72,11135.37,Accel,0.072,37.16,4.07,low,84.79,84.96,https://funding.example.com/900347
FND-900348,2025-05-25T00:00:00,CMP-026,Confluent,United States,North America,Data Engineering,Capex Program,800.0,22391.98,Sequoia,0.117,46.2,6.25,low,70.27,75.51,https://funding.example.com/900348
FND-900349,2025-08-14T00:00:00,CMP-026,Confluent,United States,North America,Data Engineering,Follow-on Offering,237.16,4742.74,Lightspeed,0.332,50.13,2.95,low,78.0,83.65,https://funding.example.com/900349
FND-900350,2025-09-12T00:00:00,CMP-026,Confluent,United States,North America,DevOps,Follow-on Offering,522.05,11538.69,Corporate VC,0.053,42.28,5.97,low,67.88,81.94,https://funding.example.com/900350
FND-900351,2025-10-04T00:00:00,CMP-026,Confluent,United States,North America,DevOps,Follow-on Offering,438.88,11473.78,Coatue,0.062,35.29,4.58,low,70.62,78.92,https://funding.example.com/900351
FND-900352,2025-10-17T00:00:00,CMP-026,Confluent,United States,North America,Data Engineering,Strategic Investment,355.95,8863.05,Sequoia,0.168,43.1,2.96,low,76.25,86.34,https://funding.example.com/900352
FND-900353,2025-10-22T00:00:00,CMP-026,Confluent,United States,North America,Data Engineering,Follow-on Offering,547.27,7362.25,General Catalyst,0.03,39.18,7.58,low,80.3,79.51,https://funding.example.com/900353
FND-900354,2025-12-25T00:00:00,CMP-026,Confluent,United States,North America,Data Engineering,Strategic Investment,491.0,3764.39,Corporate VC,0.262,44.04,5.52,low,73.71,80.39,https://funding.example.com/900354
FND-900355,2026-04-23T00:00:00,CMP-026,Confluent,United States,North America,DevOps,Capex Program,301.26,8073.42,Corporate VC,0.069,30.38,2.87,low,67.13,71.08,https://funding.example.com/900355
FND-900356,2025-01-05T00:00:00,CMP-027,HashiCorp,United States,North America,DevOps,Capex Program,769.8,5511.17,Lightspeed,0.326,39.42,10.67,low,67.93,83.8,https://funding.example.com/900356
FND-900357,2025-03-10T00:00:00,CMP-027,HashiCorp,United States,North America,Automation,Follow-on Offering,382.04,8139.59,Lightspeed,0.257,39.81,2.37,low,78.1,76.78,https://funding.example.com/900357
FND-900358,2025-03-22T00:00:00,CMP-027,HashiCorp,United States,North America,Cloud Computing,Follow-on Offering,580.42,15533.44,General Catalyst,0.017,43.02,6.98,low,71.44,86.32,https://funding.example.com/900358
FND-900359,2025-05-24T00:00:00,CMP-027,HashiCorp,United States,North America,Cloud Computing,Follow-on Offering,581.39,12066.61,Sequoia,-0.08,49.49,7.64,low,70.89,83.94,https://funding.example.com/900359
FND-900360,2025-07-19T00:00:00,CMP-027,HashiCorp,United States,North America,Cloud Computing,Strategic Investment,404.38,9233.21,Corporate VC,0.231,47.74,5.95,low,72.11,83.27,https://funding.example.com/900360
FND-900361,2025-09-12T00:00:00,CMP-027,HashiCorp,United States,North America,DevOps,Capex Program,508.8,12665.55,Corporate VC,-0.084,31.4,2.72,low,71.68,85.03,https://funding.example.com/900361
FND-900362,2025-10-22T00:00:00,CMP-027,HashiCorp,United States,North America,Cloud Computing,Follow-on Offering,476.3,10177.8,SoftBank,0.247,40.17,6.0,low,75.91,87.72,https://funding.example.com/900362
FND-900363,2025-11-18T00:00:00,CMP-027,HashiCorp,United States,North America,DevOps,Strategic Investment,643.75,6969.92,SoftBank,0.231,37.03,9.64,low,67.65,82.87,https://funding.example.com/900363
FND-900364,2025-12-05T00:00:00,CMP-027,HashiCorp,United States,North America,DevOps,Follow-on Offering,169.25,3693.19,SoftBank,0.12,35.05,2.0,low,66.14,79.32,https://funding.example.com/900364
FND-900365,2025-12-30T00:00:00,CMP-027,HashiCorp,United States,North America,DevOps,Follow-on Offering,800.0,21009.63,Coatue,0.235,38.35,7.04,low,69.3,88.91,https://funding.example.com/900365
FND-900366,2026-03-06T00:00:00,CMP-027,HashiCorp,United States,North America,DevOps,Capex Program,413.46,10927.53,General Catalyst,0.051,38.19,5.36,low,71.22,83.68,https://funding.example.com/900366
FND-900367,2026-03-15T00:00:00,CMP-027,HashiCorp,United States,North America,Automation,Follow-on Offering,752.57,9012.64,Sequoia,0.015,36.57,6.22,low,73.48,70.82,https://funding.example.com/900367
FND-900368,2025-01-11T00:00:00,CMP-028,LangChain,United States,North America,AI Agents,Tender Offer,175.41,2389.91,Corporate VC,0.391,67.55,3.78,low,98.18,70.61,https://funding.example.com/900368
FND-900369,2025-04-10T00:00:00,CMP-028,LangChain,United States,North America,Open Source AI,Growth Round,180.0,2639.71,Corporate VC,0.429,50.64,2.19,low,86.47,60.98,https://funding.example.com/900369
FND-900370,2025-06-17T00:00:00,CMP-028,LangChain,United States,North America,Developer Tools,Strategic Round,350.0,7131.28,General Catalyst,0.197,40.78,2.92,low,83.07,82.37,https://funding.example.com/900370
FND-900371,2025-08-14T00:00:00,CMP-028,LangChain,United States,North America,AI Agents,Tender Offer,350.0,3506.51,General Catalyst,0.107,58.37,6.39,low,90.68,70.65,https://funding.example.com/900371
FND-900372,2025-08-22T00:00:00,CMP-028,LangChain,United States,North America,Developer Tools,Tender Offer,235.63,3789.54,Coatue,0.175,42.61,4.46,low,83.03,78.77,https://funding.example.com/900372
FND-900373,2025-09-03T00:00:00,CMP-028,LangChain,United States,North America,Developer Tools,Growth Round,260.98,5285.56,General Catalyst,0.304,45.62,4.73,low,79.84,76.99,https://funding.example.com/900373
FND-900374,2025-09-13T00:00:00,CMP-028,LangChain,United States,North America,AI Agents,Growth Round,221.54,2071.76,Lightspeed,0.309,56.56,2.25,low,95.5,72.94,https://funding.example.com/900374
FND-900375,2025-10-29T00:00:00,CMP-028,LangChain,United States,North America,Developer Tools,Strategic Round,178.33,3992.58,General Catalyst,0.14,49.64,2.55,low,79.02,71.04,https://funding.example.com/900375
FND-900376,2025-11-23T00:00:00,CMP-028,LangChain,United States,North America,AI Agents,Growth Round,135.71,2840.08,Accel,0.453,67.31,2.74,low,86.01,66.12,https://funding.example.com/900376
FND-900377,2026-01-16T00:00:00,CMP-028,LangChain,United States,North America,Developer Tools,Tender Offer,350.0,9159.84,General Catalyst,0.029,44.03,5.33,low,80.82,74.85,https://funding.example.com/900377
FND-900378,2026-01-30T00:00:00,CMP-028,LangChain,United States,North America,AI Agents,Strategic Round,148.4,3957.52,Coatue,0.298,63.69,2.65,low,92.09,66.17,https://funding.example.com/900378
FND-900379,2026-02-06T00:00:00,CMP-028,LangChain,United States,North America,Open Source AI,Tender Offer,350.0,7694.97,Sequoia,0.315,40.55,7.05,low,87.96,67.36,https://funding.example.com/900379
FND-900380,2026-04-12T00:00:00,CMP-028,LangChain,United States,North America,Open Source AI,Tender Offer,331.58,5564.88,General Catalyst,0.187,50.3,3.06,low,88.37,65.1,https://funding.example.com/900380
FND-900381,2026-04-23T00:00:00,CMP-028,LangChain,United States,North America,AI Agents,Strategic Round,322.87,3770.37,Sequoia,0.25,60.84,4.25,low,88.71,67.89,https://funding.example.com/900381
FND-900382,2025-02-20T00:00:00,CMP-029,Vercel,United States,North America,Developer Tools,Strategic Round,104.74,2004.45,Lightspeed,0.22,47.04,2.0,low,76.92,77.41,https://funding.example.com/900382
FND-900383,2025-04-05T00:00:00,CMP-029,Vercel,United States,North America,Developer Tools,Tender Offer,340.1,5143.98,Corporate VC,0.024,44.79,3.48,low,81.78,78.96,https://funding.example.com/900383
FND-900384,2025-04-17T00:00:00,CMP-029,Vercel,United States,North America,Developer Tools,Growth Round,80.0,1367.99,Sequoia,0.214,40.39,2.0,low,83.52,81.08,https://funding.example.com/900384
FND-900385,2025-04-30T00:00:00,CMP-029,Vercel,United States,North America,Developer Tools,Strategic Round,350.0,4928.87,Accel,0.346,51.37,6.32,low,82.82,74.7,https://funding.example.com/900385
FND-900386,2025-06-10T00:00:00,CMP-029,Vercel,United States,North America,Cloud Computing,Growth Round,216.48,5987.47,Lightspeed,0.182,47.4,4.66,low,72.77,86.1,https://funding.example.com/900386
FND-900387,2025-07-11T00:00:00,CMP-029,Vercel,United States,North America,Developer Tools,Strategic Round,179.5,4008.85,Corporate VC,0.277,45.4,2.0,low,81.54,75.09,https://funding.example.com/900387
FND-900388,2025-07-16T00:00:00,CMP-029,Vercel,United States,North America,Cloud Computing,Growth Round,268.36,6681.89,Lightspeed,0.026,49.0,5.29,low,73.54,82.13,https://funding.example.com/900388
FND-900389,2025-07-25T00:00:00,CMP-029,Vercel,United States,North America,Developer Tools,Strategic Round,200.44,1710.29,Corporate VC,0.497,45.96,2.91,low,83.43,77.73,https://funding.example.com/900389
FND-900390,2025-08-01T00:00:00,CMP-029,Vercel,United States,North America,Developer Tools,Tender Offer,265.23,5067.4,Coatue,0.033,54.42,5.53,low,81.62,79.01,https://funding.example.com/900390
FND-900391,2025-08-26T00:00:00,CMP-029,Vercel,United States,North America,Cloud Computing,Growth Round,289.91,4545.95,SoftBank,0.227,50.68,5.26,low,74.9,83.7,https://funding.example.com/900391
FND-900392,2025-09-18T00:00:00,CMP-029,Vercel,United States,North America,Developer Tools,Growth Round,134.58,2308.66,Accel,0.357,53.55,2.0,low,87.93,75.07,https://funding.example.com/900392
FND-900393,2025-11-11T00:00:00,CMP-029,Vercel,United States,North America,Developer Tools,Growth Round,324.07,6306.7,Lightspeed,0.271,39.82,6.1,low,79.9,86.48,https://funding.example.com/900393
FND-900394,2025-12-25T00:00:00,CMP-029,Vercel,United States,North America,Developer Tools,Strategic Round,192.03,2960.26,SoftBank,0.256,49.5,4.29,low,83.52,75.86,https://funding.example.com/900394
FND-900395,2026-04-19T00:00:00,CMP-029,Vercel,United States,North America,Developer Tools,Growth Round,350.0,4212.96,Sequoia,0.106,39.94,5.33,low,84.68,81.73,https://funding.example.com/900395
FND-900396,2025-01-21T00:00:00,CMP-030,Weaviate,Germany,Europe,Vector Databases,Growth Round,210.87,4116.64,SoftBank,0.016,35.72,2.0,low,76.67,65.71,https://funding.example.com/900396
FND-900397,2025-03-06T00:00:00,CMP-030,Weaviate,Germany,Europe,Vector Databases,Growth Round,182.92,5058.65,SoftBank,0.278,34.68,2.83,low,83.31,57.52,https://funding.example.com/900397
FND-900398,2025-03-22T00:00:00,CMP-030,Weaviate,Germany,Europe,Open Source AI,Strategic Round,176.02,2092.1,Corporate VC,0.036,52.26,2.0,low,85.55,66.09,https://funding.example.com/900398
FND-900399,2025-04-23T00:00:00,CMP-030,Weaviate,Germany,Europe,Vector Databases,Growth Round,123.11,1628.05,SoftBank,0.159,29.05,2.52,low,79.16,62.03,https://funding.example.com/900399
FND-900400,2025-04-29T00:00:00,CMP-030,Weaviate,Germany,Europe,Vector Databases,Strategic Round,110.12,2241.82,Coatue,0.087,36.43,2.0,low,79.59,55.61,https://funding.example.com/900400
FND-900401,2025-05-13T00:00:00,CMP-030,Weaviate,Germany,Europe,Open Source AI,Tender Offer,155.77,3626.84,Accel,0.173,41.62,2.81,low,88.15,62.27,https://funding.example.com/900401
FND-900402,2025-06-10T00:00:00,CMP-030,Weaviate,Germany,Europe,Open Source AI,Strategic Round,163.9,2802.15,Coatue,0.133,48.77,2.33,low,85.96,62.24,https://funding.example.com/900402
FND-900403,2025-07-19T00:00:00,CMP-030,Weaviate,Germany,Europe,Vector Databases,Strategic Round,131.41,3027.42,General Catalyst,0.257,37.8,2.0,low,82.24,60.05,https://funding.example.com/900403
FND-900404,2025-07-27T00:00:00,CMP-030,Weaviate,Germany,Europe,Open Source AI,Tender Offer,243.39,2893.79,Lightspeed,0.265,51.13,4.69,low,83.32,66.14,https://funding.example.com/900404
FND-900405,2025-08-17T00:00:00,CMP-030,Weaviate,Germany,Europe,Vector Databases,Growth Round,204.86,1726.75,General Catalyst,-0.005,40.69,4.32,low,81.86,61.39,https://funding.example.com/900405
FND-900406,2025-09-25T00:00:00,CMP-030,Weaviate,Germany,Europe,Open Source AI,Growth Round,281.86,2113.5,SoftBank,0.268,48.96,5.24,low,88.85,63.71,https://funding.example.com/900406
FND-900407,2026-01-04T00:00:00,CMP-030,Weaviate,Germany,Europe,Open Source AI,Tender Offer,350.0,2790.63,Sequoia,0.097,50.64,6.01,low,89.42,61.43,https://funding.example.com/900407
FND-900408,2026-01-07T00:00:00,CMP-030,Weaviate,Germany,Europe,Open Source AI,Strategic Round,350.0,3203.55,Coatue,0.284,46.27,4.4,low,90.78,64.96,https://funding.example.com/900408
FND-900409,2026-01-19T00:00:00,CMP-030,Weaviate,Germany,Europe,Vector Databases,Growth Round,275.59,2589.5,Coatue,0.162,37.06,4.69,low,75.35,56.52,https://funding.example.com/900409
FND-900410,2025-01-05T00:00:00,CMP-031,AgentForge,Singapore,Asia,AI Agents,Series B,37.2,479.32,Corporate VC,0.095,61.8,2.0,low,95.45,66.09,https://funding.example.com/900410
FND-900411,2025-02-20T00:00:00,CMP-031,AgentForge,Singapore,Asia,Automation,Series B,56.65,1451.71,Coatue,0.023,32.6,3.38,low,77.94,70.6,https://funding.example.com/900411
FND-900412,2025-05-31T00:00:00,CMP-031,AgentForge,Singapore,Asia,AI Agents,Series B,58.56,537.36,Accel,0.25,63.57,2.71,low,90.39,69.06,https://funding.example.com/900412
FND-900413,2025-07-09T00:00:00,CMP-031,AgentForge,Singapore,Asia,AI Agents,Series B,90.0,1953.31,SoftBank,0.038,57.09,3.5,low,90.47,68.03,https://funding.example.com/900413
FND-900414,2025-07-27T00:00:00,CMP-031,AgentForge,Singapore,Asia,Enterprise AI,Series B,83.12,2214.02,SoftBank,0.058,59.14,2.01,low,84.86,78.49,https://funding.example.com/900414
FND-900415,2025-10-02T00:00:00,CMP-031,AgentForge,Singapore,Asia,AI Agents,Series B,85.68,2050.01,Sequoia,0.449,57.42,4.86,low,92.18,71.1,https://funding.example.com/900415
FND-900416,2026-02-28T00:00:00,CMP-031,AgentForge,Singapore,Asia,Enterprise AI,Series B Extension,32.09,587.35,Sequoia,0.069,56.96,2.0,low,89.18,77.56,https://funding.example.com/900416
FND-900417,2026-04-18T00:00:00,CMP-031,AgentForge,Singapore,Asia,Enterprise AI,Series B,44.49,1172.44,SoftBank,0.284,61.14,2.0,low,83.3,83.84,https://funding.example.com/900417
FND-900418,2025-03-12T00:00:00,CMP-032,SentinelGraph,United Kingdom,Europe,AI Agents,Series A,13.18,318.27,Coatue,0.033,63.14,2.0,moderate,87.7,72.27,https://funding.example.com/900418
FND-900419,2025-03-28T00:00:00,CMP-032,SentinelGraph,United Kingdom,Europe,AI Agents,Series A,35.0,675.59,SoftBank,0.164,61.23,2.75,moderate,91.88,72.64,https://funding.example.com/900419
FND-900420,2025-04-20T00:00:00,CMP-032,SentinelGraph,United Kingdom,Europe,AI Agents,Series A Extension,20.34,470.83,Coatue,0.374,59.69,3.2,moderate,92.97,69.09,https://funding.example.com/900420
FND-900421,2025-05-22T00:00:00,CMP-032,SentinelGraph,United Kingdom,Europe,AI Agents,Series A,16.9,393.23,Sequoia,0.32,57.07,3.02,moderate,89.67,66.25,https://funding.example.com/900421
FND-900422,2025-06-20T00:00:00,CMP-032,SentinelGraph,United Kingdom,Europe,Cybersecurity,Series A Extension,35.0,497.3,Coatue,-0.039,58.82,6.87,moderate,77.65,80.93,https://funding.example.com/900422
FND-900423,2025-09-10T00:00:00,CMP-032,SentinelGraph,United Kingdom,Europe,AI Agents,Series A,15.43,310.28,Accel,0.074,62.88,2.0,moderate,90.42,64.69,https://funding.example.com/900423
FND-900424,2025-10-08T00:00:00,CMP-032,SentinelGraph,United Kingdom,Europe,AI Agents,Series A,16.18,212.32,General Catalyst,-0.001,58.01,2.0,moderate,94.09,69.45,https://funding.example.com/900424
FND-900425,2026-01-19T00:00:00,CMP-032,SentinelGraph,United Kingdom,Europe,Cybersecurity,Series A Extension,8.08,194.87,SoftBank,-0.072,56.18,2.0,moderate,76.46,74.64,https://funding.example.com/900425
FND-900426,2025-02-18T00:00:00,CMP-033,EdgeNova,China,Asia,Semiconductors,Series B,69.32,1054.05,Accel,0.354,40.93,2.0,low,83.84,67.91,https://funding.example.com/900426
FND-900427,2025-02-24T00:00:00,CMP-033,EdgeNova,China,Asia,Semiconductors,Series B,45.62,1024.09,General Catalyst,0.049,42.75,2.97,low,80.91,74.82,https://funding.example.com/900427
FND-900428,2025-02-27T00:00:00,CMP-033,EdgeNova,China,Asia,Edge AI,Series B,90.0,1364.16,General Catalyst,0.037,29.85,2.16,low,78.29,54.23,https://funding.example.com/900428
FND-900429,2025-06-08T00:00:00,CMP-033,EdgeNova,China,Asia,Semiconductors,Series B,30.85,557.47,Coatue,-0.093,49.89,2.0,low,88.35,81.71,https://funding.example.com/900429
FND-900430,2025-06-24T00:00:00,CMP-033,EdgeNova,China,Asia,Semiconductors,Series B Extension,44.5,455.78,Accel,0.18,42.86,2.0,low,87.11,75.68,https://funding.example.com/900430
FND-900431,2025-08-07T00:00:00,CMP-033,EdgeNova,China,Asia,Semiconductors,Series B,48.4,405.3,Coatue,0.198,37.94,2.61,low,84.39,71.57,https://funding.example.com/900431
FND-900432,2026-01-28T00:00:00,CMP-033,EdgeNova,China,Asia,Semiconductors,Series B,50.28,472.65,SoftBank,0.111,45.99,2.04,low,84.29,66.41,https://funding.example.com/900432
FND-900433,2026-04-12T00:00:00,CMP-033,EdgeNova,China,Asia,Semiconductors,Series B,70.06,1370.24,Lightspeed,0.244,43.59,3.73,low,83.35,73.82,https://funding.example.com/900433
FND-900434,2025-01-06T00:00:00,CMP-034,Helio Robotics,Japan,Asia,Robotics,Series B,31.62,405.49,Lightspeed,0.353,23.62,2.0,low,86.16,44.36,https://funding.example.com/900434
FND-900435,2025-01-08T00:00:00,CMP-034,Helio Robotics,Japan,Asia,Robotics,Series B,55.56,1551.89,Coatue,0.422,31.39,2.56,low,88.9,45.65,https://funding.example.com/900435
FND-900436,2025-02-18T00:00:00,CMP-034,Helio Robotics,Japan,Asia,Edge AI,Series B,48.79,420.74,Accel,0.054,31.07,2.24,low,78.73,50.83,https://funding.example.com/900436
FND-900437,2025-05-26T00:00:00,CMP-034,Helio Robotics,Japan,Asia,Robotics,Series B,37.68,359.71,Sequoia,0.234,32.56,2.0,low,83.94,45.1,https://funding.example.com/900437
FND-900438,2025-08-12T00:00:00,CMP-034,Helio Robotics,Japan,Asia,Robotics,Series B,47.8,521.31,Accel,0.315,27.4,2.0,low,84.12,51.59,https://funding.example.com/900438
FND-900439,2026-02-04T00:00:00,CMP-034,Helio Robotics,Japan,Asia,Edge AI,Series B,25.0,418.19,Corporate VC,0.409,28.07,2.0,low,82.99,61.02,https://funding.example.com/900439
FND-900440,2026-04-17T00:00:00,CMP-034,Helio Robotics,Japan,Asia,Edge AI,Series B,29.85,440.87,SoftBank,0.195,34.05,2.0,low,85.63,57.39,https://funding.example.com/900440
FND-900441,2026-04-23T00:00:00,CMP-034,Helio Robotics,Japan,Asia,Robotics,Series B,76.81,610.84,General Catalyst,0.081,38.63,4.02,low,90.27,51.38,https://funding.example.com/900441
FND-900442,2025-05-12T00:00:00,CMP-035,ChainSignal,United Arab Emirates,Middle East,Web3,Series A Extension,28.06,244.26,Accel,0.004,30.12,2.3,high,66.29,28.59,https://funding.example.com/900442
FND-900443,2025-07-27T00:00:00,CMP-035,ChainSignal,United Arab Emirates,Middle East,Web3,Series A,13.67,279.64,Coatue,-0.01,34.13,2.06,high,66.51,34.82,https://funding.example.com/900443
FND-900444,2025-09-20T00:00:00,CMP-035,ChainSignal,United Arab Emirates,Middle East,Web3,Series A,22.81,432.63,Lightspeed,-0.17,26.72,2.17,high,67.7,32.62,https://funding.example.com/900444
FND-900445,2025-10-11T00:00:00,CMP-035,ChainSignal,United Arab Emirates,Middle East,Web3,Series A Extension,19.9,462.91,SoftBank,-0.066,26.9,2.37,high,67.66,34.32,https://funding.example.com/900445
FND-900446,2026-03-05T00:00:00,CMP-035,ChainSignal,United Arab Emirates,Middle East,Web3,Series A,28.77,467.59,Coatue,0.175,35.32,4.29,high,64.76,41.27,https://funding.example.com/900446
FND-900447,2026-03-15T00:00:00,CMP-035,ChainSignal,United Arab Emirates,Middle East,Web3,Series A,35.0,703.38,Sequoia,-0.089,34.01,4.0,high,67.52,37.18,https://funding.example.com/900447
FND-900448,2026-04-02T00:00:00,CMP-035,ChainSignal,United Arab Emirates,Middle East,Web3,Series A,35.0,387.01,SoftBank,0.027,20.22,3.49,high,69.91,35.41,https://funding.example.com/900448
FND-900449,2026-04-05T00:00:00,CMP-035,ChainSignal,United Arab Emirates,Middle East,Web3,Series A,28.55,592.28,Lightspeed,0.145,31.28,3.17,high,69.05,42.87,https://funding.example.com/900449
FND-900450,2025-06-07T00:00:00,CMP-036,LedgerSpring,Singapore,Asia,Web3,Strategic Seed,8.0,182.55,General Catalyst,0.032,33.6,3.35,high,66.11,39.05,https://funding.example.com/900450
FND-900451,2025-08-16T00:00:00,CMP-036,LedgerSpring,Singapore,Asia,Web3,Seed,2.45,30.2,Lightspeed,-0.025,24.93,2.0,high,64.92,40.16,https://funding.example.com/900451
FND-900452,2025-09-14T00:00:00,CMP-036,LedgerSpring,Singapore,Asia,Web3,Pre-Seed,4.22,51.94,Lightspeed,0.113,28.97,3.3,high,66.97,41.63,https://funding.example.com/900452
FND-900453,2025-09-22T00:00:00,CMP-036,LedgerSpring,Singapore,Asia,Web3,Seed,3.05,77.98,SoftBank,0.133,31.56,2.0,high,70.66,37.11,https://funding.example.com/900453
FND-900454,2026-01-09T00:00:00,CMP-036,LedgerSpring,Singapore,Asia,Web3,Seed,8.0,95.9,Coatue,0.056,30.81,2.64,high,57.69,31.75,https://funding.example.com/900454
FND-900455,2026-04-03T00:00:00,CMP-036,LedgerSpring,Singapore,Asia,Web3,Pre-Seed,8.0,162.3,SoftBank,0.062,32.22,3.92,high,65.79,28.21,https://funding.example.com/900455
FND-900456,2026-04-14T00:00:00,CMP-036,LedgerSpring,Singapore,Asia,Web3,Pre-Seed,5.6,155.91,Coatue,-0.101,31.59,4.52,high,66.17,37.88,https://funding.example.com/900456
FND-900457,2026-04-20T00:00:00,CMP-036,LedgerSpring,Singapore,Asia,Web3,Seed,7.79,108.34,Lightspeed,0.104,28.31,5.07,high,66.04,37.76,https://funding.example.com/900457
FND-900458,2025-01-07T00:00:00,CMP-037,OpsFabric,India,Asia,DevOps,Series B,59.78,647.22,Accel,-0.106,37.07,2.88,low,68.49,83.49,https://funding.example.com/900458
FND-900459,2025-05-05T00:00:00,CMP-037,OpsFabric,India,Asia,DevOps,Series B,71.06,1696.95,Corporate VC,0.171,33.25,3.98,low,68.92,85.36,https://funding.example.com/900459
FND-900460,2025-05-07T00:00:00,CMP-037,OpsFabric,India,Asia,Automation,Series B,25.0,671.39,General Catalyst,0.096,40.01,2.0,low,74.29,74.03,https://funding.example.com/900460
FND-900461,2025-07-26T00:00:00,CMP-037,OpsFabric,India,Asia,DevOps,Series B,50.88,356.26,General Catalyst,0.006,33.48,2.54,low,74.66,77.63,https://funding.example.com/900461
FND-900462,2025-08-12T00:00:00,CMP-037,OpsFabric,India,Asia,DevOps,Series B,70.04,1661.89,SoftBank,0.187,37.02,4.16,low,65.35,79.63,https://funding.example.com/900462
FND-900463,2025-09-23T00:00:00,CMP-037,OpsFabric,India,Asia,Automation,Series B,86.03,857.66,Corporate VC,0.036,30.19,3.83,low,72.36,77.94,https://funding.example.com/900463
FND-900464,2025-10-20T00:00:00,CMP-037,OpsFabric,India,Asia,Automation,Series B Extension,87.33,1726.17,Coatue,0.387,38.41,5.65,low,74.12,70.59,https://funding.example.com/900464
FND-900465,2025-11-07T00:00:00,CMP-037,OpsFabric,India,Asia,Automation,Series B,25.0,696.18,General Catalyst,-0.005,32.69,2.0,low,71.74,68.69,https://funding.example.com/900465
FND-900466,2025-07-05T00:00:00,CMP-038,VectorNest,Canada,North America,Inference Optimization,Series A,35.0,870.5,SoftBank,0.335,30.24,7.81,moderate,81.99,59.04,https://funding.example.com/900466
FND-900467,2025-08-07T00:00:00,CMP-038,VectorNest,Canada,North America,Vector Databases,Series A,35.0,570.55,SoftBank,0.065,30.84,7.5,moderate,84.16,57.25,https://funding.example.com/900467
FND-900468,2025-08-17T00:00:00,CMP-038,VectorNest,Canada,North America,Vector Databases,Series A,11.07,153.27,Sequoia,0.069,30.21,2.0,moderate,79.24,66.23,https://funding.example.com/900468
FND-900469,2025-09-09T00:00:00,CMP-038,VectorNest,Canada,North America,Vector Databases,Series A,18.49,157.78,Sequoia,0.196,40.07,2.0,moderate,80.45,56.6,https://funding.example.com/900469
FND-900470,2025-10-02T00:00:00,CMP-038,VectorNest,Canada,North America,Vector Databases,Series A,20.91,244.17,General Catalyst,-0.01,42.67,2.06,moderate,83.87,64.43,https://funding.example.com/900470
FND-900471,2025-10-27T00:00:00,CMP-038,VectorNest,Canada,North America,Vector Databases,Series A,27.6,532.23,SoftBank,0.177,35.05,2.49,moderate,80.35,60.54,https://funding.example.com/900471
FND-900472,2025-11-07T00:00:00,CMP-038,VectorNest,Canada,North America,Vector Databases,Series A,14.15,379.46,Corporate VC,0.186,36.19,2.0,moderate,83.18,55.65,https://funding.example.com/900472
FND-900473,2026-02-14T00:00:00,CMP-038,VectorNest,Canada,North America,Inference Optimization,Series A,33.75,597.36,Corporate VC,0.129,32.42,6.74,moderate,88.15,49.18,https://funding.example.com/900473
FND-900474,2025-03-26T00:00:00,CMP-039,InferOptics,United States,North America,Inference Optimization,Series A,20.14,507.04,General Catalyst,0.097,30.53,3.42,moderate,89.05,55.65,https://funding.example.com/900474
FND-900475,2025-04-14T00:00:00,CMP-039,InferOptics,United States,North America,GPU Infrastructure,Series A,17.91,365.44,SoftBank,0.192,42.01,3.91,moderate,84.79,61.67,https://funding.example.com/900475
FND-900476,2025-05-04T00:00:00,CMP-039,InferOptics,United States,North America,Inference Optimization,Series A,21.62,477.51,General Catalyst,0.416,33.87,2.19,moderate,86.24,56.63,https://funding.example.com/900476
FND-900477,2025-06-13T00:00:00,CMP-039,InferOptics,United States,North America,GPU Infrastructure,Series A,24.83,486.29,Sequoia,0.248,36.3,4.79,moderate,89.44,67.17,https://funding.example.com/900477
FND-900478,2025-07-06T00:00:00,CMP-039,InferOptics,United States,North America,GPU Infrastructure,Series A,9.28,88.59,General Catalyst,0.441,39.63,2.0,moderate,89.01,54.88,https://funding.example.com/900478
FND-900479,2025-08-31T00:00:00,CMP-039,InferOptics,United States,North America,GPU Infrastructure,Series A,18.76,361.71,Corporate VC,0.121,39.57,2.89,moderate,87.46,66.32,https://funding.example.com/900479
FND-900480,2026-01-17T00:00:00,CMP-039,InferOptics,United States,North America,Inference Optimization,Series A,21.66,487.05,Coatue,0.078,28.29,2.41,moderate,84.97,55.15,https://funding.example.com/900480
FND-900481,2026-02-05T00:00:00,CMP-039,InferOptics,United States,North America,Inference Optimization,Series A,32.0,666.29,Accel,0.212,37.05,2.53,moderate,83.54,56.35,https://funding.example.com/900481
